pid,name,cpu,memoryInfo,date
88,,0.0,39.5859375,2025-07-26 21:49:07
156,Registry,0.0,51.37109375,2025-07-26 21:49:07
512,smss.exe,0.0,0.4140625,2025-07-26 21:49:07
836,csrss.exe,0.0,2.3984375,2025-07-26 21:49:07
916,svchost.exe,0.0,3.609375,2025-07-26 21:49:07
924,wininit.exe,0.0,1.41796875,2025-07-26 21:49:07
932,csrss.exe,0.0,3.8671875,2025-07-26 21:49:07
992,services.exe,0.0,8.15625,2025-07-26 21:49:07
1012,LsaIso.exe,0.0,2.984375,2025-07-26 21:49:07
1020,lsass.exe,0.0,24.57421875,2025-07-26 21:49:07
1060,chrome.exe,0.0,146.625,2025-07-26 21:49:07
1064,svchost.exe,0.0,32.58203125,2025-07-26 21:49:07
1072,winlogon.exe,0.0,10.31640625,2025-07-26 21:49:07
1132,fontdrvhost.exe,0.0,3.47265625,2025-07-26 21:49:07
1152,WUDFHost.exe,0.0,0.58984375,2025-07-26 21:49:07
1196,fontdrvhost.exe,0.0,8.09375,2025-07-26 21:49:07
1220,RuntimeBroker.exe,0.0,19.3203125,2025-07-26 21:49:07
1280,svchost.exe,0.0,19.984375,2025-07-26 21:49:07
1320,svchost.exe,0.0,14.2109375,2025-07-26 21:49:07
1324,svchost.exe,0.0,9.56640625,2025-07-26 21:49:07
1332,chrome.exe,0.0,16.95703125,2025-07-26 21:49:07
1388,postgres.exe,0.0,2.6640625,2025-07-26 21:49:07
1428,chrome.exe,0.0,281.75390625,2025-07-26 21:49:07
1440,svchost.exe,0.0,4.875,2025-07-26 21:49:07
1468,svchost.exe,0.0,5.0859375,2025-07-26 21:49:07
1524,svchost.exe,0.0,13.05078125,2025-07-26 21:49:07
1540,svchost.exe,0.0,9.046875,2025-07-26 21:49:07
1548,svchost.exe,0.0,11.1953125,2025-07-26 21:49:07
1636,svchost.exe,0.0,6.0703125,2025-07-26 21:49:07
1668,svchost.exe,0.0,6.57421875,2025-07-26 21:49:07
1688,RuntimeBroker.exe,0.0,8.34765625,2025-07-26 21:49:07
1724,svchost.exe,0.0,13.9453125,2025-07-26 21:49:07
1740,svchost.exe,0.0,7.0625,2025-07-26 21:49:07
1764,dwm.exe,0.09999999999999999,38.34375,2025-07-26 21:49:07
1836,WebCompanion.exe,0.0,16.58203125,2025-07-26 21:49:07
1860,svchost.exe,0.15,21.93359375,2025-07-26 21:49:07
1900,svchost.exe,0.0,7.42578125,2025-07-26 21:49:07
1944,notepad.exe,0.0,6.640625,2025-07-26 21:49:07
1960,svchost.exe,0.0,9.26953125,2025-07-26 21:49:07
1988,svchost.exe,0.0,8.703125,2025-07-26 21:49:07
2024,DiscordPTB.exe,0.0,5.94140625,2025-07-26 21:49:07
2100,svchost.exe,0.0,9.7578125,2025-07-26 21:49:07
2148,vmms.exe,0.0,7.140625,2025-07-26 21:49:07
2156,svchost.exe,0.0,11.99609375,2025-07-26 21:49:07
2192,Discord.exe,0.0,20.73046875,2025-07-26 21:49:07
2220,svchost.exe,0.0,5.703125,2025-07-26 21:49:07
2296,chrome.exe,0.0,244.51171875,2025-07-26 21:49:07
2316,svchost.exe,0.0,11.74609375,2025-07-26 21:49:07
2324,svchost.exe,0.0,10.41796875,2025-07-26 21:49:07
2428,NVDisplay.Container.exe,0.0,18.49609375,2025-07-26 21:49:07
2476,svchost.exe,0.0,7.21875,2025-07-26 21:49:07
2540,chrome.exe,0.0,307.85546875,2025-07-26 21:49:07
2556,svchost.exe,0.0,18.46875,2025-07-26 21:49:07
2564,svchost.exe,0.0,9.22265625,2025-07-26 21:49:07
2664,svchost.exe,0.0,6.29296875,2025-07-26 21:49:07
2676,svchost.exe,0.0,6.63671875,2025-07-26 21:49:07
2684,chrome.exe,0.049999999999999996,193.5625,2025-07-26 21:49:07
2700,svchost.exe,0.0,8.13671875,2025-07-26 21:49:07
2716,RtkNGUI64.exe,0.0,9.88671875,2025-07-26 21:49:07
2764,CCleaner64.exe,0.0,14.0234375,2025-07-26 21:49:07
2792,svchost.exe,0.0,5.45703125,2025-07-26 21:49:07
2804,svchost.exe,0.0,5.6875,2025-07-26 21:49:07
2828,svchost.exe,0.0,7.3515625,2025-07-26 21:49:07
2864,chrome.exe,0.0,151.765625,2025-07-26 21:49:07
2884,svchost.exe,0.0,6.21484375,2025-07-26 21:49:07
3008,svchost.exe,0.0,7.28515625,2025-07-26 21:49:07
3028,svchost.exe,0.0,2.953125,2025-07-26 21:49:07
3040,MemCompression,0.0,108.31640625,2025-07-26 21:49:07
3148,UserOOBEBroker.exe,0.0,9.59765625,2025-07-26 21:49:07
3224,svchost.exe,0.0,8.59375,2025-07-26 21:49:07
3304,vmcompute.exe,0.0,8.4296875,2025-07-26 21:49:07
3436,NVDisplay.Container.exe,0.0,25.3203125,2025-07-26 21:49:07
3520,svchost.exe,0.0,9.6015625,2025-07-26 21:49:07
3832,Taskmgr.exe,0.049999999999999996,39.55078125,2025-07-26 21:49:07
3924,WmiPrvSE.exe,0.6333333333333333,32.94140625,2025-07-26 21:49:07
3956,chrome.exe,0.0,216.4453125,2025-07-26 21:49:07
4016,svchost.exe,0.0,14.08203125,2025-07-26 21:49:07
4036,conhost.exe,0.0,2.0,2025-07-26 21:49:07
4044,python.exe,0.0,3.39453125,2025-07-26 21:49:07
4236,svchost.exe,0.0,16.046875,2025-07-26 21:49:07
4320,svchost.exe,0.0,11.33203125,2025-07-26 21:49:07
4448,spoolsv.exe,0.0,11.9140625,2025-07-26 21:49:07
4512,svchost.exe,0.0,7.25,2025-07-26 21:49:07
4616,steamwebhelper.exe,0.0,19.3671875,2025-07-26 21:49:07
4676,dllhost.exe,0.0,10.99609375,2025-07-26 21:49:07
4756,svchost.exe,0.0,5.51953125,2025-07-26 21:49:07
4772,svchost.exe,0.0,6.3671875,2025-07-26 21:49:07
4780,svchost.exe,0.0,26.95703125,2025-07-26 21:49:07
4788,Lavasoft.WCAssistant.WinService.exe,0.0,8.58984375,2025-07-26 21:49:07
4796,svchost.exe,0.0,6.8984375,2025-07-26 21:49:07
4812,svchost.exe,0.0,8.7578125,2025-07-26 21:49:07
4832,LMIGuardianSvc.exe,0.0,7.1328125,2025-07-26 21:49:07
4840,svchost.exe,0.0,18.984375,2025-07-26 21:49:07
4848,nvcontainer.exe,0.0,8.8359375,2025-07-26 21:49:07
4856,DCIService.exe,0.0,4.796875,2025-07-26 21:49:07
4864,svchost.exe,0.0,5.1953125,2025-07-26 21:49:07
4888,hamachi-2.exe,0.0,16.20703125,2025-07-26 21:49:07
4900,jhi_service.exe,0.0,5.48828125,2025-07-26 21:49:07
4920,sqlwriter.exe,0.0,6.875,2025-07-26 21:49:07
4928,servicehost.exe,0.0,28.2734375,2025-07-26 21:49:07
4936,OfficeClickToRun.exe,0.0,16.62890625,2025-07-26 21:49:07
4944,WMIRegistrationService.exe,0.0,11.703125,2025-07-26 21:49:07
4952,svchost.exe,0.0,31.8984375,2025-07-26 21:49:07
4960,wslservice.exe,0.0,8.6875,2025-07-26 21:49:07
4968,MsMpEng.exe,0.2833333333333333,214.80859375,2025-07-26 21:49:07
4976,svchost.exe,0.0,5.8828125,2025-07-26 21:49:07
4984,svchost.exe,0.0,7.41796875,2025-07-26 21:49:07
4992,WindscribeService.exe,0.0,10.41796875,2025-07-26 21:49:07
5004,TeamViewer_Service.exe,0.0,5.55078125,2025-07-26 21:49:07
5012,CCleanerPerformanceOptimizerService.exe,0.0,6.09765625,2025-07-26 21:49:07
5032,MemuService.exe,0.0,5.1875,2025-07-26 21:49:07
5064,chrome.exe,0.0,450.73828125,2025-07-26 21:49:07
5080,svchost.exe,0.0,15.78515625,2025-07-26 21:49:07
5304,chrome.exe,0.0,8.4140625,2025-07-26 21:49:07
5388,svchost.exe,0.0,6.38671875,2025-07-26 21:49:07
5412,svchost.exe,0.0,8.18359375,2025-07-26 21:49:07
5436,MpDefenderCoreService.exe,0.0,17.2109375,2025-07-26 21:49:07
5488,CalculatorApp.exe,0.0,11.359375,2025-07-26 21:49:07
5604,sqlceip.exe,0.0,22.3046875,2025-07-26 21:49:07
5616,sqlservr.exe,0.05833333333333333,64.57421875,2025-07-26 21:49:07
5624,sqlservr.exe,0.0,54.90234375,2025-07-26 21:49:07
5648,sqlceip.exe,0.0,19.15234375,2025-07-26 21:49:07
5660,chrome.exe,0.0,17.19921875,2025-07-26 21:49:07
5804,svchost.exe,0.0,3.28125,2025-07-26 21:49:07
5960,dasHost.exe,0.0,8.47265625,2025-07-26 21:49:07
6076,svchost.exe,0.0,4.08984375,2025-07-26 21:49:07
6100,svchost.exe,0.0,6.5234375,2025-07-26 21:49:07
6124,chrome.exe,0.0,280.9609375,2025-07-26 21:49:07
6212,IriunWebcam.exe,0.0,20.92578125,2025-07-26 21:49:07
6516,svchost.exe,0.0,10.68359375,2025-07-26 21:49:07
6608,pgAdmin4.exe,0.0,47.06640625,2025-07-26 21:49:07
6776,chrome.exe,0.0,184.7109375,2025-07-26 21:49:07
6820,chrome.exe,0.0,157.77734375,2025-07-26 21:49:07
6876,SearchIndexer.exe,0.0,35.1015625,2025-07-26 21:49:07
7056,ctfmon.exe,0.0,15.7734375,2025-07-26 21:49:07
7424,Video.UI.exe,0.0,10.8203125,2025-07-26 21:49:07
7468,SecurityHealthService.exe,0.0,7.84765625,2025-07-26 21:49:07
7648,RuntimeBroker.exe,0.0,17.046875,2025-07-26 21:49:07
7720,svchost.exe,0.0,10.57421875,2025-07-26 21:49:07
7848,svchost.exe,0.0,4.35546875,2025-07-26 21:49:07
7868,svchost.exe,0.0,7.73828125,2025-07-26 21:49:07
8012,dasHost.exe,0.0,4.05859375,2025-07-26 21:49:07
8196,pgAdmin4.exe,0.0,11.98828125,2025-07-26 21:49:07
8312,postgres.exe,0.0,6.5,2025-07-26 21:49:07
8504,FileCoAuth.exe,0.0,16.86328125,2025-07-26 21:49:07
8640,svchost.exe,0.0,4.6953125,2025-07-26 21:49:07
8772,chrome.exe,0.0,568.52734375,2025-07-26 21:49:07
8812,postgres.exe,0.0,4.53125,2025-07-26 21:49:07
9000,AggregatorHost.exe,0.0,9.109375,2025-07-26 21:49:07
9020,chrome.exe,0.0,153.3203125,2025-07-26 21:49:07
9060,svchost.exe,0.0,6.4609375,2025-07-26 21:49:07
9172,NisSrv.exe,0.0,14.26953125,2025-07-26 21:49:07
9344,uihost.exe,0.0,21.5859375,2025-07-26 21:49:07
9536,nvcontainer.exe,0.05833333333333333,36.16015625,2025-07-26 21:49:07
9572,sihost.exe,0.0,19.2578125,2025-07-26 21:49:07
9620,svchost.exe,0.0,24.19921875,2025-07-26 21:49:07
9660,svchost.exe,0.0,29.87890625,2025-07-26 21:49:07
9720,SecurityHealthSystray.exe,0.0,4.52734375,2025-07-26 21:49:07
9752,dllhost.exe,0.0,4.69140625,2025-07-26 21:49:07
9808,postgres.exe,0.0,5.0234375,2025-07-26 21:49:07
9820,postgres.exe,0.0,7.26171875,2025-07-26 21:49:07
9844,svchost.exe,0.0,15.08203125,2025-07-26 21:49:07
9856,pg_ctl.exe,0.0,1.890625,2025-07-26 21:49:07
9972,svchost.exe,0.0,6.5234375,2025-07-26 21:49:07
10096,chrome.exe,0.0,202.49609375,2025-07-26 21:49:07
10112,explorer.exe,0.0,118.31640625,2025-07-26 21:49:07
10144,taskhostw.exe,0.0,16.5625,2025-07-26 21:49:07
10160,pycharm64.exe,1.0250000000000001,1765.37890625,2025-07-26 21:49:07
10272,steamwebhelper.exe,0.0,4.30859375,2025-07-26 21:49:07
10320,Discord.exe,0.0,4.45703125,2025-07-26 21:49:07
10360,svchost.exe,0.0,12.15234375,2025-07-26 21:49:07
10372,SearchApp.exe,0.0,28.8671875,2025-07-26 21:49:07
10576,svchost.exe,0.0,4.921875,2025-07-26 21:49:07
10640,chrome.exe,0.0,72.359375,2025-07-26 21:49:07
10644,chrome.exe,0.0,283.15625,2025-07-26 21:49:07
10672,chrome.exe,0.0,127.734375,2025-07-26 21:49:07
10692,svchost.exe,0.0,5.73046875,2025-07-26 21:49:07
10704,chrome.exe,0.0,194.28515625,2025-07-26 21:49:07
10716,steamwebhelper.exe,0.0,26.54296875,2025-07-26 21:49:07
10788,svchost.exe,0.0,13.77734375,2025-07-26 21:49:07
10792,msedgewebview2.exe,0.0,53.890625,2025-07-26 21:49:07
11048,svchost.exe,0.0,7.65234375,2025-07-26 21:49:07
11056,svchost.exe,0.0,11.1953125,2025-07-26 21:49:07
11096,dllhost.exe,0.0,8.1171875,2025-07-26 21:49:07
11348,RuntimeBroker.exe,0.0,5.4453125,2025-07-26 21:49:07
11384,chrome.exe,0.0,267.76171875,2025-07-26 21:49:07
11492,NVIDIA Web Helper.exe,0.0,3.84375,2025-07-26 21:49:07
11500,conhost.exe,0.0,0.93359375,2025-07-26 21:49:07
11624,svchost.exe,0.0,19.09765625,2025-07-26 21:49:07
11812,SteamService.exe,0.0,5.0390625,2025-07-26 21:49:08
11912,StartMenuExperienceHost.exe,0.0,36.3515625,2025-07-26 21:49:08
12008,Discord.exe,0.24166666666666667,55.98046875,2025-07-26 21:49:08
12056,svchost.exe,0.0,7.51953125,2025-07-26 21:49:08
12064,msedge.exe,0.0,7.09375,2025-07-26 21:49:08
12164,chrome.exe,0.0,76.40625,2025-07-26 21:49:08
12168,RuntimeBroker.exe,0.0,12.140625,2025-07-26 21:49:08
12204,svchost.exe,0.0,13.74609375,2025-07-26 21:49:08
12312,SearchApp.exe,0.0,27.4609375,2025-07-26 21:49:08
12348,msedgewebview2.exe,0.0,4.48828125,2025-07-26 21:49:08
12436,chrome.exe,0.0,266.01953125,2025-07-26 21:49:08
12600,RuntimeBroker.exe,0.0,22.609375,2025-07-26 21:49:08
12612,browserhost.exe,0.0,11.63671875,2025-07-26 21:49:08
12684,chrome.exe,0.0,48.70703125,2025-07-26 21:49:08
13012,chrome.exe,0.0,78.859375,2025-07-26 21:49:08
13184,LockApp.exe,0.0,5.046875,2025-07-26 21:49:08
13392,PresentationFontCache.exe,0.0,2.98046875,2025-07-26 21:49:08
13416,ShellExperienceHost.exe,0.0,9.359375,2025-07-26 21:49:08
13524,DiscordPTB.exe,0.0,58.30078125,2025-07-26 21:49:08
13568,svchost.exe,0.0,11.3046875,2025-07-26 21:49:08
13736,postgres.exe,0.0,5.4296875,2025-07-26 21:49:08
13984,steam.exe,0.0,32.453125,2025-07-26 21:49:08
14012,postgres.exe,0.0,1.1484375,2025-07-26 21:49:08
14136,powershell.exe,0.0,13.0859375,2025-07-26 21:49:08
14236,conhost.exe,0.0,3.3515625,2025-07-26 21:49:08
14288,Discord.exe,0.0,51.53125,2025-07-26 21:49:08
14332,msedge.exe,0.0,22.56640625,2025-07-26 21:49:08
14512,WinRAR.exe,0.0,31.6171875,2025-07-26 21:49:08
14520,chrome.exe,0.0,376.9296875,2025-07-26 21:49:08
14528,postgres.exe,0.0,5.40625,2025-07-26 21:49:08
14680,msedge.exe,0.0,28.46875,2025-07-26 21:49:08
14700,chrome.exe,0.0,155.328125,2025-07-26 21:49:08
14828,OneDrive.exe,0.0,52.5546875,2025-07-26 21:49:08
14852,chrome.exe,0.0,183.19140625,2025-07-26 21:49:08
14860,postgres.exe,0.0,3.87109375,2025-07-26 21:49:08
14924,chrome.exe,0.0,146.921875,2025-07-26 21:49:08
15356,TextInputHost.exe,0.0,14.421875,2025-07-26 21:49:08
15496,steamwebhelper.exe,0.0,13.859375,2025-07-26 21:49:08
15688,DiscordPTB.exe,0.0,51.296875,2025-07-26 21:49:08
15720,DiscordPTB.exe,0.0,26.30859375,2025-07-26 21:49:08
16016,msedgewebview2.exe,0.0,17.74609375,2025-07-26 21:49:08
16096,chrome.exe,0.0,359.55078125,2025-07-26 21:49:08
16108,CompPkgSrv.exe,0.0,2.80859375,2025-07-26 21:49:08
16440,Copilot.exe,0.0,16.4375,2025-07-26 21:49:08
16708,steamwebhelper.exe,0.0,10.015625,2025-07-26 21:49:08
16952,steamwebhelper.exe,0.0,34.14453125,2025-07-26 21:49:08
17212,FileWatcher.exe,0.0,8.19140625,2025-07-26 21:49:08
17400,browser_assistant.exe,0.0,6.35546875,2025-07-26 21:49:08
17532,postgres.exe,0.0,3.93359375,2025-07-26 21:49:08
17564,DiscordPTB.exe,0.0,269.46875,2025-07-26 21:49:08
17572,hamachi-2-ui.exe,0.0,10.296875,2025-07-26 21:49:08
17616,RuntimeBroker.exe,0.0,3.49609375,2025-07-26 21:49:08
17644,chrome.exe,0.0,4.49609375,2025-07-26 21:49:08
17648,chrome.exe,0.0,33.6015625,2025-07-26 21:49:08
17740,chrome.exe,0.0,148.8515625,2025-07-26 21:49:08
17900,msedgewebview2.exe,0.0,8.92578125,2025-07-26 21:49:08
17904,chrome.exe,0.0,27.3203125,2025-07-26 21:49:08
17936,Discord.exe,1.1916666666666667,361.69140625,2025-07-26 21:49:08
18140,fsnotifier.exe,0.0,0.93359375,2025-07-26 21:49:08
18244,adb.exe,0.0,5.75390625,2025-07-26 21:49:08
18444,chrome.exe,0.0,145.30859375,2025-07-26 21:49:08
18500,msedgewebview2.exe,0.0,27.21484375,2025-07-26 21:49:08
18560,cmd.exe,0.0,3.81640625,2025-07-26 21:49:08
18736,conhost.exe,0.0,2.4921875,2025-07-26 21:49:08
18760,svchost.exe,0.0,18.16796875,2025-07-26 21:49:08
18980,chrome.exe,0.0,191.09765625,2025-07-26 21:49:08
19052,browser_assistant.exe,0.0,14.6015625,2025-07-26 21:49:08
19072,chrome.exe,0.0,693.203125,2025-07-26 21:49:08
19100,unsecapp.exe,0.0,1.80859375,2025-07-26 21:49:08
19184,Discord.exe,0.0,11.67578125,2025-07-26 21:49:08
19280,python.exe,0.0,49.05859375,2025-07-26 21:49:08
19348,chrome.exe,0.0,12.6171875,2025-07-26 21:49:08
19492,chrome.exe,0.0,187.25,2025-07-26 21:49:08
19600,steamwebhelper.exe,0.0,55.1640625,2025-07-26 21:49:08
19676,svchost.exe,0.0,7.73046875,2025-07-26 21:49:08
19736,DiscordPTB.exe,0.0,10.80078125,2025-07-26 21:49:08
19760,msedge.exe,0.0,82.16015625,2025-07-26 21:49:08
19792,chrome.exe,0.0,276.4296875,2025-07-26 21:49:08
19912,chrome.exe,0.0,149.16796875,2025-07-26 21:49:08
20200,conhost.exe,0.0,2.89453125,2025-07-26 21:49:08
20276,chrome.exe,0.0,15.3671875,2025-07-26 21:49:08
20356,msedgewebview2.exe,0.0,40.2578125,2025-07-26 21:49:08
20500,SearchProtocolHost.exe,0.0,8.34765625,2025-07-26 21:49:08
20648,svchost.exe,0.0,6.33203125,2025-07-26 21:49:08
20708,explorer.exe,0.0,27.984375,2025-07-26 21:49:08
20768,chrome.exe,0.0,54.37890625,2025-07-26 21:49:08
20804,chrome.exe,0.0,174.4296875,2025-07-26 21:49:08
21036,audiodg.exe,0.0,13.921875,2025-07-26 21:49:08
21048,conhost.exe,0.0,7.6328125,2025-07-26 21:49:08
21372,chrome.exe,0.0,214.9765625,2025-07-26 21:49:08
21496,SystemSettings.exe,0.0,9.51953125,2025-07-26 21:49:08
21776,ApplicationFrameHost.exe,0.0,4.49609375,2025-07-26 21:49:08
21796,svchost.exe,0.0,17.390625,2025-07-26 21:49:08
21828,chrome.exe,0.0,42.609375,2025-07-26 21:49:08
22064,RuntimeBroker.exe,0.0,1.82421875,2025-07-26 21:49:08
22148,chrome.exe,0.0,281.38671875,2025-07-26 21:49:08
22212,chrome.exe,0.0,153.38671875,2025-07-26 21:49:08
22412,svchost.exe,0.0,7.53515625,2025-07-26 21:49:08
22576,chrome.exe,0.0,31.359375,2025-07-26 21:49:08
22692,msedgewebview2.exe,0.0,13.140625,2025-07-26 21:49:08
22796,pgAdmin4.exe,0.0,23.5625,2025-07-26 21:49:08
22880,postgres.exe,0.0,13.95703125,2025-07-26 21:49:08
23260,WindowsPackageManagerServer.exe,0.0,20.10546875,2025-07-26 21:49:08
23284,pgAdmin4.exe,0.0,22.10546875,2025-07-26 21:49:08
25256,Microsoft.SharePoint.exe,0.0,3.0703125,2025-07-26 21:49:08
25368,python.exe,4.2,18.78515625,2025-07-26 21:49:08
25592,msedge.exe,0.0,17.0703125,2025-07-26 21:49:08
25648,SearchFilterHost.exe,0.0,7.44921875,2025-07-26 21:49:08
26024,msedge.exe,0.0,28.3046875,2025-07-26 21:49:08
26640,chrome.exe,0.0,17.109375,2025-07-26 21:49:08
26892,conhost.exe,0.0,11.39453125,2025-07-26 21:49:08
88,,0.0,79.171875,2025-07-26 21:49:10
156,Registry,0.0,102.7421875,2025-07-26 21:49:10
512,smss.exe,0.0,0.828125,2025-07-26 21:49:10
836,csrss.exe,0.0,4.796875,2025-07-26 21:49:10
916,svchost.exe,0.0,7.21875,2025-07-26 21:49:10
924,wininit.exe,0.0,2.8359375,2025-07-26 21:49:10
932,csrss.exe,0.0,7.734375,2025-07-26 21:49:10
992,services.exe,0.0,16.3125,2025-07-26 21:49:10
1012,LsaIso.exe,0.0,5.96875,2025-07-26 21:49:10
1020,lsass.exe,0.0,49.1484375,2025-07-26 21:49:10
1060,chrome.exe,0.0,293.25,2025-07-26 21:49:10
1064,svchost.exe,0.0,65.1640625,2025-07-26 21:49:10
1072,winlogon.exe,0.0,20.6328125,2025-07-26 21:49:10
1132,fontdrvhost.exe,0.0,6.9453125,2025-07-26 21:49:10
1152,WUDFHost.exe,0.0,1.1796875,2025-07-26 21:49:10
1196,fontdrvhost.exe,0.0,16.1875,2025-07-26 21:49:10
1220,RuntimeBroker.exe,0.0,38.640625,2025-07-26 21:49:10
1280,svchost.exe,0.0,39.96875,2025-07-26 21:49:10
1320,svchost.exe,0.0,28.421875,2025-07-26 21:49:10
1324,svchost.exe,0.0,19.1328125,2025-07-26 21:49:10
1332,chrome.exe,0.0,33.9140625,2025-07-26 21:49:10
1388,postgres.exe,0.0,5.328125,2025-07-26 21:49:10
1428,chrome.exe,0.0,563.5078125,2025-07-26 21:49:10
1440,svchost.exe,0.0,9.75,2025-07-26 21:49:10
1468,svchost.exe,0.0,10.171875,2025-07-26 21:49:10
1524,svchost.exe,0.0,26.1015625,2025-07-26 21:49:10
1540,svchost.exe,0.0,18.09375,2025-07-26 21:49:10
1548,svchost.exe,0.0,22.390625,2025-07-26 21:49:10
1636,svchost.exe,0.0,12.140625,2025-07-26 21:49:10
1668,svchost.exe,0.0,13.1484375,2025-07-26 21:49:10
1688,RuntimeBroker.exe,0.0,16.6953125,2025-07-26 21:49:10
1724,svchost.exe,0.0,27.890625,2025-07-26 21:49:10
1740,svchost.exe,0.0,14.125,2025-07-26 21:49:10
1764,dwm.exe,0.29166666666666663,76.6875,2025-07-26 21:49:10
1836,WebCompanion.exe,0.0,33.1640625,2025-07-26 21:49:10
1860,svchost.exe,0.15,43.9140625,2025-07-26 21:49:10
1900,svchost.exe,0.0,14.8515625,2025-07-26 21:49:10
1944,notepad.exe,0.0,13.28125,2025-07-26 21:49:10
1960,svchost.exe,0.0,18.5390625,2025-07-26 21:49:10
1988,svchost.exe,0.0,17.40625,2025-07-26 21:49:10
2024,DiscordPTB.exe,0.0,11.8828125,2025-07-26 21:49:10
2100,svchost.exe,0.0,19.515625,2025-07-26 21:49:10
2148,vmms.exe,0.0,14.28125,2025-07-26 21:49:10
2156,svchost.exe,0.0,23.9921875,2025-07-26 21:49:10
2192,Discord.exe,0.0,41.4609375,2025-07-26 21:49:10
2220,svchost.exe,0.0,11.40625,2025-07-26 21:49:10
2296,chrome.exe,0.0,489.15234375,2025-07-26 21:49:10
2316,svchost.exe,0.0,23.4921875,2025-07-26 21:49:10
2324,svchost.exe,0.0,20.8359375,2025-07-26 21:49:10
2428,NVDisplay.Container.exe,0.0,36.9921875,2025-07-26 21:49:10
2476,svchost.exe,0.0,14.4375,2025-07-26 21:49:10
2540,chrome.exe,0.0,615.7109375,2025-07-26 21:49:10
2556,svchost.exe,0.0,36.9375,2025-07-26 21:49:10
2564,svchost.exe,0.0,18.4453125,2025-07-26 21:49:10
2664,svchost.exe,0.0,12.5859375,2025-07-26 21:49:10
2676,svchost.exe,0.0,13.2734375,2025-07-26 21:49:10
2684,chrome.exe,0.049999999999999996,387.125,2025-07-26 21:49:10
2700,svchost.exe,0.0,16.2734375,2025-07-26 21:49:10
2716,RtkNGUI64.exe,0.0,19.7734375,2025-07-26 21:49:10
2764,CCleaner64.exe,0.0,28.046875,2025-07-26 21:49:10
2792,svchost.exe,0.0,10.9140625,2025-07-26 21:49:10
2804,svchost.exe,0.0,11.375,2025-07-26 21:49:10
2828,svchost.exe,0.0,14.703125,2025-07-26 21:49:10
2864,chrome.exe,0.0,303.53125,2025-07-26 21:49:10
2884,svchost.exe,0.0,12.4296875,2025-07-26 21:49:10
3008,svchost.exe,0.0,14.5703125,2025-07-26 21:49:10
3028,svchost.exe,0.0,5.90625,2025-07-26 21:49:10
3040,MemCompression,0.0,216.734375,2025-07-26 21:49:10
3148,UserOOBEBroker.exe,0.0,19.1953125,2025-07-26 21:49:10
3224,svchost.exe,0.0,17.1875,2025-07-26 21:49:10
3304,vmcompute.exe,0.0,16.859375,2025-07-26 21:49:10
3436,NVDisplay.Container.exe,0.0,50.640625,2025-07-26 21:49:10
3520,svchost.exe,0.0,19.203125,2025-07-26 21:49:10
3832,Taskmgr.exe,0.11666666666666667,79.1015625,2025-07-26 21:49:10
3924,WmiPrvSE.exe,1.3916666666666666,65.8828125,2025-07-26 21:49:10
3956,chrome.exe,0.0,432.90234375,2025-07-26 21:49:10
4016,svchost.exe,0.0,28.1640625,2025-07-26 21:49:10
4036,conhost.exe,0.0,4.0,2025-07-26 21:49:10
4044,python.exe,0.0,6.7890625,2025-07-26 21:49:10
4236,svchost.exe,0.0,32.09375,2025-07-26 21:49:10
4320,svchost.exe,0.0,22.6640625,2025-07-26 21:49:10
4448,spoolsv.exe,0.0,23.828125,2025-07-26 21:49:10
4512,svchost.exe,0.0,14.5,2025-07-26 21:49:10
4616,steamwebhelper.exe,0.0,38.734375,2025-07-26 21:49:10
4676,dllhost.exe,0.0,21.9921875,2025-07-26 21:49:10
4756,svchost.exe,0.0,11.0390625,2025-07-26 21:49:10
4772,svchost.exe,0.0,12.734375,2025-07-26 21:49:10
4780,svchost.exe,0.0,53.9140625,2025-07-26 21:49:10
4788,Lavasoft.WCAssistant.WinService.exe,0.0,17.1796875,2025-07-26 21:49:10
4796,svchost.exe,0.0,13.796875,2025-07-26 21:49:10
4812,svchost.exe,0.0,17.515625,2025-07-26 21:49:10
4832,LMIGuardianSvc.exe,0.0,14.265625,2025-07-26 21:49:10
4840,svchost.exe,0.0,37.96875,2025-07-26 21:49:10
4848,nvcontainer.exe,0.0,17.671875,2025-07-26 21:49:10
4856,DCIService.exe,0.0,9.59375,2025-07-26 21:49:10
4864,svchost.exe,0.0,10.390625,2025-07-26 21:49:10
4888,hamachi-2.exe,0.0,32.4140625,2025-07-26 21:49:10
4900,jhi_service.exe,0.0,10.9765625,2025-07-26 21:49:10
4920,sqlwriter.exe,0.0,13.75,2025-07-26 21:49:10
4928,servicehost.exe,0.0,56.546875,2025-07-26 21:49:10
4936,OfficeClickToRun.exe,0.0,33.2578125,2025-07-26 21:49:10
4944,WMIRegistrationService.exe,0.0,23.40625,2025-07-26 21:49:10
4952,svchost.exe,0.0,63.796875,2025-07-26 21:49:10
4960,wslservice.exe,0.0,17.375,2025-07-26 21:49:10
4968,MsMpEng.exe,0.35,429.6953125,2025-07-26 21:49:10
4976,svchost.exe,0.0,11.765625,2025-07-26 21:49:10
4984,svchost.exe,0.0,14.8359375,2025-07-26 21:49:10
4992,WindscribeService.exe,0.0,20.8359375,2025-07-26 21:49:10
5004,TeamViewer_Service.exe,0.0,11.1015625,2025-07-26 21:49:10
5012,CCleanerPerformanceOptimizerService.exe,0.0,12.1953125,2025-07-26 21:49:10
5032,MemuService.exe,0.0,10.375,2025-07-26 21:49:10
5064,chrome.exe,0.0,901.484375,2025-07-26 21:49:10
5080,svchost.exe,0.0,31.5703125,2025-07-26 21:49:10
5304,chrome.exe,0.0,16.828125,2025-07-26 21:49:10
5388,svchost.exe,0.0,12.7734375,2025-07-26 21:49:10
5412,svchost.exe,0.0,16.3671875,2025-07-26 21:49:10
5436,MpDefenderCoreService.exe,0.0,34.421875,2025-07-26 21:49:10
5488,CalculatorApp.exe,0.0,22.71875,2025-07-26 21:49:10
5604,sqlceip.exe,0.0,44.609375,2025-07-26 21:49:10
5616,sqlservr.exe,0.05833333333333333,129.1484375,2025-07-26 21:49:10
5624,sqlservr.exe,0.0,109.8046875,2025-07-26 21:49:10
5648,sqlceip.exe,0.0,38.3203125,2025-07-26 21:49:10
5660,chrome.exe,0.0,34.3984375,2025-07-26 21:49:10
5804,svchost.exe,0.0,6.5625,2025-07-26 21:49:10
5960,dasHost.exe,0.0,16.9453125,2025-07-26 21:49:10
6076,svchost.exe,0.0,8.1796875,2025-07-26 21:49:10
6100,svchost.exe,0.0,13.046875,2025-07-26 21:49:10
6124,chrome.exe,0.0,561.9296875,2025-07-26 21:49:10
6212,IriunWebcam.exe,0.0,41.8515625,2025-07-26 21:49:10
6516,svchost.exe,0.0,21.3671875,2025-07-26 21:49:10
6608,pgAdmin4.exe,0.0,94.1328125,2025-07-26 21:49:10
6776,chrome.exe,0.0,369.421875,2025-07-26 21:49:10
6820,chrome.exe,0.0,315.5546875,2025-07-26 21:49:10
6876,SearchIndexer.exe,0.0,70.203125,2025-07-26 21:49:10
7056,ctfmon.exe,0.0,31.546875,2025-07-26 21:49:10
7424,Video.UI.exe,0.0,21.640625,2025-07-26 21:49:10
7468,SecurityHealthService.exe,0.0,15.6953125,2025-07-26 21:49:10
7648,RuntimeBroker.exe,0.0,34.09375,2025-07-26 21:49:10
7720,svchost.exe,0.0,21.1484375,2025-07-26 21:49:10
7848,svchost.exe,0.0,8.7109375,2025-07-26 21:49:10
7868,svchost.exe,0.0,15.4765625,2025-07-26 21:49:10
8012,dasHost.exe,0.0,8.1171875,2025-07-26 21:49:10
8196,pgAdmin4.exe,0.0,23.9765625,2025-07-26 21:49:10
8312,postgres.exe,0.0,13.0,2025-07-26 21:49:11
8504,FileCoAuth.exe,0.0,33.7265625,2025-07-26 21:49:11
8640,svchost.exe,0.0,9.390625,2025-07-26 21:49:11
8772,chrome.exe,0.0,1137.0546875,2025-07-26 21:49:11
8812,postgres.exe,0.0,9.0625,2025-07-26 21:49:11
9000,AggregatorHost.exe,0.0,18.21875,2025-07-26 21:49:11
9020,chrome.exe,0.0,306.640625,2025-07-26 21:49:11
9060,svchost.exe,0.0,12.921875,2025-07-26 21:49:11
9172,NisSrv.exe,0.0,28.5390625,2025-07-26 21:49:11
9344,uihost.exe,0.0,43.171875,2025-07-26 21:49:11
9536,nvcontainer.exe,0.05833333333333333,72.3203125,2025-07-26 21:49:11
9572,sihost.exe,0.0,38.515625,2025-07-26 21:49:11
9620,svchost.exe,0.0,48.3984375,2025-07-26 21:49:11
9660,svchost.exe,0.0,59.7578125,2025-07-26 21:49:11
9720,SecurityHealthSystray.exe,0.0,9.0546875,2025-07-26 21:49:11
9752,dllhost.exe,0.0,9.3828125,2025-07-26 21:49:11
9808,postgres.exe,0.0,10.046875,2025-07-26 21:49:11
9820,postgres.exe,0.0,14.5234375,2025-07-26 21:49:11
9844,svchost.exe,0.0,30.1640625,2025-07-26 21:49:11
9856,pg_ctl.exe,0.0,3.78125,2025-07-26 21:49:11
9972,svchost.exe,0.0,13.046875,2025-07-26 21:49:11
10096,chrome.exe,0.0,404.9921875,2025-07-26 21:49:11
10112,explorer.exe,0.0,236.87890625,2025-07-26 21:49:11
10144,taskhostw.exe,0.0,33.125,2025-07-26 21:49:11
10160,pycharm64.exe,1.0250000000000001,3532.953125,2025-07-26 21:49:11
10272,steamwebhelper.exe,0.0,8.6171875,2025-07-26 21:49:11
10320,Discord.exe,0.0,8.9140625,2025-07-26 21:49:11
10360,svchost.exe,0.0,24.3046875,2025-07-26 21:49:11
10372,SearchApp.exe,0.0,57.734375,2025-07-26 21:49:11
10576,svchost.exe,0.0,9.84375,2025-07-26 21:49:11
10640,chrome.exe,0.0,144.71875,2025-07-26 21:49:11
10644,chrome.exe,0.0,566.3125,2025-07-26 21:49:11
10672,chrome.exe,0.0,255.46875,2025-07-26 21:49:11
10692,svchost.exe,0.0,11.4609375,2025-07-26 21:49:11
10704,chrome.exe,0.0,388.5703125,2025-07-26 21:49:11
10716,steamwebhelper.exe,0.0,53.0859375,2025-07-26 21:49:11
10788,svchost.exe,0.0,27.5546875,2025-07-26 21:49:11
10792,msedgewebview2.exe,0.0,107.78125,2025-07-26 21:49:11
11048,svchost.exe,0.0,15.3046875,2025-07-26 21:49:11
11056,svchost.exe,0.0,22.390625,2025-07-26 21:49:11
11096,dllhost.exe,0.0,16.234375,2025-07-26 21:49:11
11348,RuntimeBroker.exe,0.0,10.890625,2025-07-26 21:49:11
11384,chrome.exe,0.0,535.5234375,2025-07-26 21:49:11
11492,NVIDIA Web Helper.exe,0.0,7.6875,2025-07-26 21:49:11
11500,conhost.exe,0.0,1.8671875,2025-07-26 21:49:11
11624,svchost.exe,0.0,38.1953125,2025-07-26 21:49:11
11812,SteamService.exe,0.0,10.078125,2025-07-26 21:49:11
11912,StartMenuExperienceHost.exe,0.0,72.703125,2025-07-26 21:49:11
12008,Discord.exe,0.6333333333333333,111.9609375,2025-07-26 21:49:11
12056,svchost.exe,0.0,15.0390625,2025-07-26 21:49:11
12064,msedge.exe,0.0,14.1875,2025-07-26 21:49:11
12164,chrome.exe,0.0,152.828125,2025-07-26 21:49:11
12168,RuntimeBroker.exe,0.0,24.28125,2025-07-26 21:49:11
12204,svchost.exe,0.0,27.4921875,2025-07-26 21:49:11
12312,SearchApp.exe,0.0,54.921875,2025-07-26 21:49:11
12348,msedgewebview2.exe,0.0,8.9765625,2025-07-26 21:49:11
12436,chrome.exe,0.0,532.0390625,2025-07-26 21:49:11
12600,RuntimeBroker.exe,0.0,45.21875,2025-07-26 21:49:11
12612,browserhost.exe,0.0,23.2734375,2025-07-26 21:49:11
12684,chrome.exe,0.0,97.4140625,2025-07-26 21:49:11
13012,chrome.exe,0.0,157.71875,2025-07-26 21:49:11
13184,LockApp.exe,0.0,10.09375,2025-07-26 21:49:11
13392,PresentationFontCache.exe,0.0,5.9609375,2025-07-26 21:49:11
13416,ShellExperienceHost.exe,0.0,18.71875,2025-07-26 21:49:11
13524,DiscordPTB.exe,0.0,116.6015625,2025-07-26 21:49:11
13568,svchost.exe,0.0,22.609375,2025-07-26 21:49:11
13736,postgres.exe,0.0,10.859375,2025-07-26 21:49:11
13984,steam.exe,0.0,64.90625,2025-07-26 21:49:11
14012,postgres.exe,0.0,2.296875,2025-07-26 21:49:11
14136,powershell.exe,0.0,26.171875,2025-07-26 21:49:11
14236,conhost.exe,0.0,6.703125,2025-07-26 21:49:11
14288,Discord.exe,0.0,103.09765625,2025-07-26 21:49:11
14332,msedge.exe,0.0,45.1328125,2025-07-26 21:49:11
14512,WinRAR.exe,0.0,63.234375,2025-07-26 21:49:11
14520,chrome.exe,0.0,753.859375,2025-07-26 21:49:11
14528,postgres.exe,0.0,10.8125,2025-07-26 21:49:11
14680,msedge.exe,0.0,56.9375,2025-07-26 21:49:11
14700,chrome.exe,0.0,310.65625,2025-07-26 21:49:11
14828,OneDrive.exe,0.0,105.109375,2025-07-26 21:49:11
14852,chrome.exe,0.0,366.3828125,2025-07-26 21:49:11
14860,postgres.exe,0.0,7.7421875,2025-07-26 21:49:11
14924,chrome.exe,0.0,293.84765625,2025-07-26 21:49:11
15356,TextInputHost.exe,0.0,28.84375,2025-07-26 21:49:11
15496,steamwebhelper.exe,0.0,27.71875,2025-07-26 21:49:11
15688,DiscordPTB.exe,0.0,102.59375,2025-07-26 21:49:11
15720,DiscordPTB.exe,0.0,52.61328125,2025-07-26 21:49:11
16016,msedgewebview2.exe,0.0,35.4921875,2025-07-26 21:49:11
16096,chrome.exe,0.0,719.09375,2025-07-26 21:49:11
16108,CompPkgSrv.exe,0.0,5.6171875,2025-07-26 21:49:11
16440,Copilot.exe,0.0,32.875,2025-07-26 21:49:11
16708,steamwebhelper.exe,0.0,20.03125,2025-07-26 21:49:11
16952,steamwebhelper.exe,0.0,68.2890625,2025-07-26 21:49:11
17212,FileWatcher.exe,0.0,16.3828125,2025-07-26 21:49:11
17400,browser_assistant.exe,0.0,12.7109375,2025-07-26 21:49:11
17532,postgres.exe,0.0,7.8671875,2025-07-26 21:49:11
17564,DiscordPTB.exe,0.0,538.9375,2025-07-26 21:49:11
17572,hamachi-2-ui.exe,0.0,20.59375,2025-07-26 21:49:11
17616,RuntimeBroker.exe,0.0,6.9921875,2025-07-26 21:49:11
17644,chrome.exe,0.0,8.9921875,2025-07-26 21:49:11
17648,chrome.exe,0.0,67.203125,2025-07-26 21:49:11
17740,chrome.exe,0.0,297.703125,2025-07-26 21:49:11
17900,msedgewebview2.exe,0.0,17.8515625,2025-07-26 21:49:11
17904,chrome.exe,0.0,54.640625,2025-07-26 21:49:11
17936,Discord.exe,2.0416666666666665,723.87109375,2025-07-26 21:49:11
18140,fsnotifier.exe,0.0,1.8671875,2025-07-26 21:49:11
18244,adb.exe,0.0,11.5078125,2025-07-26 21:49:11
18444,chrome.exe,0.0,290.6171875,2025-07-26 21:49:11
18500,msedgewebview2.exe,0.0,54.4296875,2025-07-26 21:49:11
18560,cmd.exe,0.0,7.6328125,2025-07-26 21:49:11
18736,conhost.exe,0.0,4.984375,2025-07-26 21:49:11
18760,svchost.exe,0.0,36.3359375,2025-07-26 21:49:11
18980,chrome.exe,0.0,382.1953125,2025-07-26 21:49:11
19052,browser_assistant.exe,0.0,29.203125,2025-07-26 21:49:11
19072,chrome.exe,0.0,1386.40625,2025-07-26 21:49:11
19100,unsecapp.exe,0.0,3.6171875,2025-07-26 21:49:11
19184,Discord.exe,0.0,23.3515625,2025-07-26 21:49:11
19280,python.exe,0.0,98.1171875,2025-07-26 21:49:11
19348,chrome.exe,0.0,25.234375,2025-07-26 21:49:11
19492,chrome.exe,0.0,374.5,2025-07-26 21:49:11
19600,steamwebhelper.exe,0.0,110.328125,2025-07-26 21:49:11
19676,svchost.exe,0.0,15.4609375,2025-07-26 21:49:11
19736,DiscordPTB.exe,0.0,21.6015625,2025-07-26 21:49:11
19760,msedge.exe,0.0,164.3203125,2025-07-26 21:49:11
19792,chrome.exe,0.0,552.86328125,2025-07-26 21:49:11
19912,chrome.exe,0.0,298.3359375,2025-07-26 21:49:11
20200,conhost.exe,0.0,5.7890625,2025-07-26 21:49:11
20276,chrome.exe,0.0,30.734375,2025-07-26 21:49:11
20356,msedgewebview2.exe,0.0,80.515625,2025-07-26 21:49:11
20500,SearchProtocolHost.exe,0.0,16.6953125,2025-07-26 21:49:11
20648,svchost.exe,0.0,12.6640625,2025-07-26 21:49:11
20708,explorer.exe,0.0,55.76171875,2025-07-26 21:49:11
20768,chrome.exe,0.0,108.734375,2025-07-26 21:49:11
20804,chrome.exe,0.0,348.85546875,2025-07-26 21:49:11
21036,audiodg.exe,0.25833333333333336,27.84375,2025-07-26 21:49:11
21048,conhost.exe,0.0,15.265625,2025-07-26 21:49:11
21372,chrome.exe,0.0,429.953125,2025-07-26 21:49:11
21496,SystemSettings.exe,0.0,19.0390625,2025-07-26 21:49:11
21776,ApplicationFrameHost.exe,0.0,8.9921875,2025-07-26 21:49:11
21796,svchost.exe,0.0,34.78125,2025-07-26 21:49:11
21828,chrome.exe,0.0,85.21875,2025-07-26 21:49:11
22064,RuntimeBroker.exe,0.0,3.6484375,2025-07-26 21:49:11
22148,chrome.exe,0.0,562.78125,2025-07-26 21:49:11
22212,chrome.exe,0.0,306.7734375,2025-07-26 21:49:11
22412,svchost.exe,0.0,15.0703125,2025-07-26 21:49:11
22576,chrome.exe,0.0,62.71875,2025-07-26 21:49:11
22692,msedgewebview2.exe,0.0,26.28125,2025-07-26 21:49:11
22796,pgAdmin4.exe,0.0,47.125,2025-07-26 21:49:11
22880,postgres.exe,0.0,27.9140625,2025-07-26 21:49:11
23260,WindowsPackageManagerServer.exe,0.0,40.2109375,2025-07-26 21:49:11
23284,pgAdmin4.exe,0.0,44.2109375,2025-07-26 21:49:11
25256,Microsoft.SharePoint.exe,0.0,6.125,2025-07-26 21:49:11
25368,python.exe,8.3,37.7890625,2025-07-26 21:49:11
25592,msedge.exe,0.0,34.140625,2025-07-26 21:49:11
25648,SearchFilterHost.exe,0.0,14.8984375,2025-07-26 21:49:11
26024,msedge.exe,0.0,56.609375,2025-07-26 21:49:11
26640,chrome.exe,0.0,34.21875,2025-07-26 21:49:11
26892,conhost.exe,0.0,22.7890625,2025-07-26 21:49:11
88,,0.0,118.7578125,2025-07-26 21:49:13
156,Registry,0.0,154.11328125,2025-07-26 21:49:13
512,smss.exe,0.0,1.2421875,2025-07-26 21:49:13
836,csrss.exe,0.0,7.1953125,2025-07-26 21:49:13
916,svchost.exe,0.0,10.828125,2025-07-26 21:49:13
924,wininit.exe,0.0,4.25390625,2025-07-26 21:49:13
932,csrss.exe,0.0,11.6015625,2025-07-26 21:49:13
992,services.exe,0.0,24.46875,2025-07-26 21:49:13
1012,LsaIso.exe,0.0,8.953125,2025-07-26 21:49:13
1020,lsass.exe,0.0,73.72265625,2025-07-26 21:49:13
1060,chrome.exe,0.0,439.875,2025-07-26 21:49:13
1064,svchost.exe,0.0,97.74609375,2025-07-26 21:49:13
1072,winlogon.exe,0.0,30.94921875,2025-07-26 21:49:13
1132,fontdrvhost.exe,0.0,10.41796875,2025-07-26 21:49:13
1152,WUDFHost.exe,0.0,1.76953125,2025-07-26 21:49:13
1196,fontdrvhost.exe,0.0,24.28125,2025-07-26 21:49:13
1220,RuntimeBroker.exe,0.0,57.9609375,2025-07-26 21:49:13
1280,svchost.exe,0.0,59.9296875,2025-07-26 21:49:13
1320,svchost.exe,0.0,42.6328125,2025-07-26 21:49:13
1324,svchost.exe,0.0,28.69921875,2025-07-26 21:49:13
1332,chrome.exe,0.0,50.87109375,2025-07-26 21:49:13
1388,postgres.exe,0.0,7.9921875,2025-07-26 21:49:13
1428,chrome.exe,0.0,845.26171875,2025-07-26 21:49:13
1440,svchost.exe,0.0,14.625,2025-07-26 21:49:13
1468,svchost.exe,0.0,15.2578125,2025-07-26 21:49:13
1524,svchost.exe,0.0,39.15234375,2025-07-26 21:49:13
1540,svchost.exe,0.0,27.140625,2025-07-26 21:49:13
1548,svchost.exe,0.0,33.5859375,2025-07-26 21:49:13
1636,svchost.exe,0.0,18.2109375,2025-07-26 21:49:13
1668,svchost.exe,0.0,19.72265625,2025-07-26 21:49:13
1688,RuntimeBroker.exe,0.0,25.04296875,2025-07-26 21:49:13
1724,svchost.exe,0.0,41.8359375,2025-07-26 21:49:13
1740,svchost.exe,0.0,21.1875,2025-07-26 21:49:13
1764,dwm.exe,0.29166666666666663,115.02734375,2025-07-26 21:49:13
1836,WebCompanion.exe,0.0,49.74609375,2025-07-26 21:49:13
1860,svchost.exe,0.15,65.875,2025-07-26 21:49:13
1900,svchost.exe,0.0,22.27734375,2025-07-26 21:49:13
1944,notepad.exe,0.0,19.921875,2025-07-26 21:49:13
1960,svchost.exe,0.0,27.8125,2025-07-26 21:49:13
1988,svchost.exe,0.0,26.109375,2025-07-26 21:49:13
2024,DiscordPTB.exe,0.0,17.82421875,2025-07-26 21:49:13
2100,svchost.exe,0.0,29.2734375,2025-07-26 21:49:13
2148,vmms.exe,0.0,21.421875,2025-07-26 21:49:13
2156,svchost.exe,0.0,35.98828125,2025-07-26 21:49:13
2192,Discord.exe,0.0,62.19140625,2025-07-26 21:49:13
2220,svchost.exe,0.0,17.109375,2025-07-26 21:49:13
2296,chrome.exe,0.0,733.79296875,2025-07-26 21:49:13
2316,svchost.exe,0.06666666666666667,35.27734375,2025-07-26 21:49:13
2324,svchost.exe,0.0,31.25390625,2025-07-26 21:49:13
2428,NVDisplay.Container.exe,0.0,55.48828125,2025-07-26 21:49:13
2476,svchost.exe,0.0,21.671875,2025-07-26 21:49:13
2540,chrome.exe,0.0,923.57421875,2025-07-26 21:49:13
2556,svchost.exe,0.0,55.41796875,2025-07-26 21:49:13
2564,svchost.exe,0.0,27.66796875,2025-07-26 21:49:13
2664,svchost.exe,0.0,18.87890625,2025-07-26 21:49:13
2676,svchost.exe,0.0,19.91015625,2025-07-26 21:49:13
2684,chrome.exe,0.049999999999999996,580.6875,2025-07-26 21:49:13
2700,svchost.exe,0.0,24.41015625,2025-07-26 21:49:13
2716,RtkNGUI64.exe,0.0,29.66015625,2025-07-26 21:49:13
2764,CCleaner64.exe,0.0,42.0703125,2025-07-26 21:49:13
2792,svchost.exe,0.0,16.37109375,2025-07-26 21:49:13
2804,svchost.exe,0.0,17.0625,2025-07-26 21:49:13
2828,svchost.exe,0.0,22.0546875,2025-07-26 21:49:13
2864,chrome.exe,0.0,455.296875,2025-07-26 21:49:13
2884,svchost.exe,0.0,18.64453125,2025-07-26 21:49:13
3008,svchost.exe,0.0,21.85546875,2025-07-26 21:49:13
3028,svchost.exe,0.0,8.859375,2025-07-26 21:49:13
3040,MemCompression,0.0,328.453125,2025-07-26 21:49:13
3148,UserOOBEBroker.exe,0.0,28.79296875,2025-07-26 21:49:13
3224,svchost.exe,0.0,25.78125,2025-07-26 21:49:13
3304,vmcompute.exe,0.0,25.2890625,2025-07-26 21:49:13
3436,NVDisplay.Container.exe,0.0,75.9609375,2025-07-26 21:49:13
3520,svchost.exe,0.0,28.8046875,2025-07-26 21:49:13
3832,Taskmgr.exe,0.18333333333333335,118.65234375,2025-07-26 21:49:13
3924,WmiPrvSE.exe,2.1666666666666665,98.82421875,2025-07-26 21:49:13
3956,chrome.exe,0.0,649.359375,2025-07-26 21:49:13
4016,svchost.exe,0.0,42.24609375,2025-07-26 21:49:13
4036,conhost.exe,0.0,6.0,2025-07-26 21:49:13
4044,python.exe,0.0,10.18359375,2025-07-26 21:49:13
4236,svchost.exe,0.0,48.15234375,2025-07-26 21:49:13
4320,svchost.exe,0.0,33.99609375,2025-07-26 21:49:13
4448,spoolsv.exe,0.0,35.7421875,2025-07-26 21:49:13
4512,svchost.exe,0.0,21.75,2025-07-26 21:49:13
4616,steamwebhelper.exe,0.0,58.1015625,2025-07-26 21:49:13
4676,dllhost.exe,0.0,32.98828125,2025-07-26 21:49:13
4756,svchost.exe,0.0,16.55859375,2025-07-26 21:49:13
4772,svchost.exe,0.0,19.1015625,2025-07-26 21:49:13
4780,svchost.exe,0.0,80.87109375,2025-07-26 21:49:13
4788,Lavasoft.WCAssistant.WinService.exe,0.0,25.76953125,2025-07-26 21:49:13
4796,svchost.exe,0.0,20.6953125,2025-07-26 21:49:13
4812,svchost.exe,0.0,26.2734375,2025-07-26 21:49:13
4832,LMIGuardianSvc.exe,0.0,21.3984375,2025-07-26 21:49:13
4840,svchost.exe,0.0,56.953125,2025-07-26 21:49:13
4848,nvcontainer.exe,0.0,26.5078125,2025-07-26 21:49:13
4856,DCIService.exe,0.0,14.390625,2025-07-26 21:49:13
4864,svchost.exe,0.0,15.5859375,2025-07-26 21:49:13
4888,hamachi-2.exe,0.0,48.62109375,2025-07-26 21:49:13
4900,jhi_service.exe,0.0,16.46484375,2025-07-26 21:49:13
4920,sqlwriter.exe,0.0,20.625,2025-07-26 21:49:13
4928,servicehost.exe,0.0,84.8203125,2025-07-26 21:49:13
4936,OfficeClickToRun.exe,0.0,49.88671875,2025-07-26 21:49:13
4944,WMIRegistrationService.exe,0.0,35.109375,2025-07-26 21:49:13
4952,svchost.exe,0.0,95.6953125,2025-07-26 21:49:13
4960,wslservice.exe,0.0,26.0625,2025-07-26 21:49:13
4968,MsMpEng.exe,1.0416666666666667,646.84375,2025-07-26 21:49:13
4976,svchost.exe,0.0,17.6484375,2025-07-26 21:49:13
4984,svchost.exe,0.0,22.25390625,2025-07-26 21:49:13
4992,WindscribeService.exe,0.0,31.25390625,2025-07-26 21:49:13
5004,TeamViewer_Service.exe,0.0,16.65234375,2025-07-26 21:49:13
5012,CCleanerPerformanceOptimizerService.exe,0.0,18.29296875,2025-07-26 21:49:13
5032,MemuService.exe,0.0,15.5625,2025-07-26 21:49:13
5064,chrome.exe,0.06666666666666667,1352.23828125,2025-07-26 21:49:13
5080,svchost.exe,0.0,47.35546875,2025-07-26 21:49:13
5304,chrome.exe,0.0,25.2421875,2025-07-26 21:49:13
5388,svchost.exe,0.0,19.16015625,2025-07-26 21:49:13
5412,svchost.exe,0.0,24.55078125,2025-07-26 21:49:13
5436,MpDefenderCoreService.exe,0.0,51.6328125,2025-07-26 21:49:13
5488,CalculatorApp.exe,0.0,34.078125,2025-07-26 21:49:13
5604,sqlceip.exe,0.0,66.9140625,2025-07-26 21:49:13
5616,sqlservr.exe,0.05833333333333333,193.72265625,2025-07-26 21:49:13
5624,sqlservr.exe,0.0,164.70703125,2025-07-26 21:49:14
5648,sqlceip.exe,0.0,57.47265625,2025-07-26 21:49:14
5660,chrome.exe,0.0,51.59765625,2025-07-26 21:49:14
5804,svchost.exe,0.0,9.84375,2025-07-26 21:49:14
5960,dasHost.exe,0.0,25.41796875,2025-07-26 21:49:14
6076,svchost.exe,0.0,12.26953125,2025-07-26 21:49:14
6100,svchost.exe,0.0,19.5703125,2025-07-26 21:49:14
6124,chrome.exe,0.06666666666666667,843.0,2025-07-26 21:49:14
6212,IriunWebcam.exe,0.0,62.77734375,2025-07-26 21:49:14
6516,svchost.exe,0.0,32.05078125,2025-07-26 21:49:14
6608,pgAdmin4.exe,0.0,141.390625,2025-07-26 21:49:14
6776,chrome.exe,0.0,554.13671875,2025-07-26 21:49:14
6820,chrome.exe,0.0,473.33203125,2025-07-26 21:49:14
6876,SearchIndexer.exe,0.0,105.30859375,2025-07-26 21:49:14
7056,ctfmon.exe,0.0,47.3203125,2025-07-26 21:49:14
7424,Video.UI.exe,0.0,32.4609375,2025-07-26 21:49:14
7468,SecurityHealthService.exe,0.0,23.54296875,2025-07-26 21:49:14
7648,RuntimeBroker.exe,0.0,51.140625,2025-07-26 21:49:14
7720,svchost.exe,0.0,31.72265625,2025-07-26 21:49:14
7848,svchost.exe,0.0,13.06640625,2025-07-26 21:49:14
7868,svchost.exe,0.0,23.21484375,2025-07-26 21:49:14
8012,dasHost.exe,0.0,12.17578125,2025-07-26 21:49:14
8196,pgAdmin4.exe,0.0,36.0078125,2025-07-26 21:49:14
8312,postgres.exe,0.0,19.5,2025-07-26 21:49:14
8504,FileCoAuth.exe,0.0,50.58984375,2025-07-26 21:49:14
8640,svchost.exe,0.0,14.0859375,2025-07-26 21:49:14
8772,chrome.exe,0.06666666666666667,1707.49609375,2025-07-26 21:49:14
8812,postgres.exe,0.0,13.59375,2025-07-26 21:49:14
9000,AggregatorHost.exe,0.0,27.328125,2025-07-26 21:49:14
9020,chrome.exe,0.0,459.9609375,2025-07-26 21:49:14
9060,svchost.exe,0.0,19.3828125,2025-07-26 21:49:14
9172,NisSrv.exe,0.0,42.80859375,2025-07-26 21:49:14
9344,uihost.exe,0.0,64.7578125,2025-07-26 21:49:14
9536,nvcontainer.exe,0.05833333333333333,108.48046875,2025-07-26 21:49:14
9572,sihost.exe,0.0,57.7734375,2025-07-26 21:49:14
9620,svchost.exe,0.0,72.59765625,2025-07-26 21:49:14
9660,svchost.exe,0.0,89.63671875,2025-07-26 21:49:14
9720,SecurityHealthSystray.exe,0.0,13.58203125,2025-07-26 21:49:14
9752,dllhost.exe,0.0,14.07421875,2025-07-26 21:49:14
9808,postgres.exe,0.0,15.0703125,2025-07-26 21:49:14
9820,postgres.exe,0.0,21.78515625,2025-07-26 21:49:14
9844,svchost.exe,0.0,45.24609375,2025-07-26 21:49:14
9856,pg_ctl.exe,0.0,5.671875,2025-07-26 21:49:14
9972,svchost.exe,0.0,19.5703125,2025-07-26 21:49:14
10096,chrome.exe,0.0,607.48828125,2025-07-26 21:49:14
10112,explorer.exe,0.0,355.4453125,2025-07-26 21:49:14
10144,taskhostw.exe,0.0,49.6875,2025-07-26 21:49:14
10160,pycharm64.exe,1.0916666666666668,5306.49609375,2025-07-26 21:49:14
10272,steamwebhelper.exe,0.0,12.92578125,2025-07-26 21:49:14
10320,Discord.exe,0.0,13.37109375,2025-07-26 21:49:14
10360,svchost.exe,0.0,36.45703125,2025-07-26 21:49:14
10372,SearchApp.exe,0.0,86.6015625,2025-07-26 21:49:14
10576,svchost.exe,0.0,14.765625,2025-07-26 21:49:14
10640,chrome.exe,0.0,217.08203125,2025-07-26 21:49:14
10644,chrome.exe,0.0,849.46875,2025-07-26 21:49:14
10672,chrome.exe,0.0,383.203125,2025-07-26 21:49:14
10692,svchost.exe,0.0,17.19140625,2025-07-26 21:49:14
10704,chrome.exe,0.0,582.85546875,2025-07-26 21:49:14
10716,steamwebhelper.exe,0.0,79.62890625,2025-07-26 21:49:14
10788,svchost.exe,0.0,41.34765625,2025-07-26 21:49:14
10792,msedgewebview2.exe,0.0,161.671875,2025-07-26 21:49:14
11048,svchost.exe,0.0,22.95703125,2025-07-26 21:49:14
11056,svchost.exe,0.0,33.5859375,2025-07-26 21:49:14
11096,dllhost.exe,0.0,24.3515625,2025-07-26 21:49:14
11348,RuntimeBroker.exe,0.0,16.3359375,2025-07-26 21:49:14
11384,chrome.exe,0.0,803.29296875,2025-07-26 21:49:14
11492,NVIDIA Web Helper.exe,0.0,11.53125,2025-07-26 21:49:14
11500,conhost.exe,0.0,2.80078125,2025-07-26 21:49:14
11624,svchost.exe,0.0,57.29296875,2025-07-26 21:49:14
11812,SteamService.exe,0.0,15.1171875,2025-07-26 21:49:14
11912,StartMenuExperienceHost.exe,0.0,109.0546875,2025-07-26 21:49:14
12008,Discord.exe,0.7583333333333333,167.94140625,2025-07-26 21:49:14
12056,svchost.exe,0.0,22.55859375,2025-07-26 21:49:14
12064,msedge.exe,0.0,21.28125,2025-07-26 21:49:14
12164,chrome.exe,0.05833333333333333,229.2578125,2025-07-26 21:49:14
12168,RuntimeBroker.exe,0.0,36.421875,2025-07-26 21:49:14
12204,svchost.exe,0.0,41.23828125,2025-07-26 21:49:14
12312,SearchApp.exe,0.0,82.3828125,2025-07-26 21:49:14
12348,msedgewebview2.exe,0.0,13.46484375,2025-07-26 21:49:14
12436,chrome.exe,0.06666666666666667,798.05859375,2025-07-26 21:49:14
12600,RuntimeBroker.exe,0.0,67.84375,2025-07-26 21:49:14
12612,browserhost.exe,0.0,34.91015625,2025-07-26 21:49:14
12684,chrome.exe,0.0,146.125,2025-07-26 21:49:14
13012,chrome.exe,0.06666666666666667,236.578125,2025-07-26 21:49:14
13184,LockApp.exe,0.0,15.140625,2025-07-26 21:49:14
13392,PresentationFontCache.exe,0.0,8.94140625,2025-07-26 21:49:14
13416,ShellExperienceHost.exe,0.0,28.078125,2025-07-26 21:49:14
13524,DiscordPTB.exe,0.0,174.90234375,2025-07-26 21:49:14
13568,svchost.exe,0.0,33.9140625,2025-07-26 21:49:14
13736,postgres.exe,0.0,16.2890625,2025-07-26 21:49:14
13984,steam.exe,0.05833333333333333,97.359375,2025-07-26 21:49:14
14012,postgres.exe,0.0,3.4453125,2025-07-26 21:49:14
14136,powershell.exe,0.0,39.2578125,2025-07-26 21:49:14
14236,conhost.exe,0.0,10.0546875,2025-07-26 21:49:14
14288,Discord.exe,0.0,154.6640625,2025-07-26 21:49:14
14332,msedge.exe,0.0,67.69921875,2025-07-26 21:49:14
14512,WinRAR.exe,0.0,94.8515625,2025-07-26 21:49:14
14520,chrome.exe,0.0,1130.79296875,2025-07-26 21:49:14
14528,postgres.exe,0.0,16.21875,2025-07-26 21:49:14
14680,msedge.exe,0.0,85.40625,2025-07-26 21:49:14
14700,chrome.exe,0.0,465.984375,2025-07-26 21:49:14
14828,OneDrive.exe,0.0,157.66796875,2025-07-26 21:49:14
14852,chrome.exe,0.0,549.5859375,2025-07-26 21:49:14
14860,postgres.exe,0.0,11.61328125,2025-07-26 21:49:14
14924,chrome.exe,0.0,440.7734375,2025-07-26 21:49:14
15356,TextInputHost.exe,0.0,43.265625,2025-07-26 21:49:14
15496,steamwebhelper.exe,0.0,41.578125,2025-07-26 21:49:14
15688,DiscordPTB.exe,0.0,153.890625,2025-07-26 21:49:14
15720,DiscordPTB.exe,0.0,78.921875,2025-07-26 21:49:14
16016,msedgewebview2.exe,0.0,53.23828125,2025-07-26 21:49:14
16096,chrome.exe,0.31666666666666665,1078.91796875,2025-07-26 21:49:14
16108,CompPkgSrv.exe,0.0,8.42578125,2025-07-26 21:49:14
16440,Copilot.exe,0.0,49.3125,2025-07-26 21:49:14
16708,steamwebhelper.exe,0.0,30.046875,2025-07-26 21:49:14
16952,steamwebhelper.exe,0.0,102.43359375,2025-07-26 21:49:14
17212,FileWatcher.exe,0.0,24.57421875,2025-07-26 21:49:14
17400,browser_assistant.exe,0.0,19.06640625,2025-07-26 21:49:14
17532,postgres.exe,0.0,11.80078125,2025-07-26 21:49:14
17564,DiscordPTB.exe,0.06666666666666667,808.30859375,2025-07-26 21:49:14
17572,hamachi-2-ui.exe,0.0,30.890625,2025-07-26 21:49:14
17616,RuntimeBroker.exe,0.0,10.48828125,2025-07-26 21:49:14
17644,chrome.exe,0.0,13.48828125,2025-07-26 21:49:14
17648,chrome.exe,0.0,100.8046875,2025-07-26 21:49:14
17740,chrome.exe,0.0,446.5546875,2025-07-26 21:49:14
17900,msedgewebview2.exe,0.0,26.77734375,2025-07-26 21:49:14
17904,chrome.exe,0.0,81.9609375,2025-07-26 21:49:14
17936,Discord.exe,3.1083333333333334,1086.765625,2025-07-26 21:49:14
18140,fsnotifier.exe,0.0,2.80078125,2025-07-26 21:49:14
18244,adb.exe,0.0,17.2265625,2025-07-26 21:49:14
18444,chrome.exe,0.0,435.96875,2025-07-26 21:49:14
18500,msedgewebview2.exe,0.0,81.64453125,2025-07-26 21:49:14
18560,cmd.exe,0.0,11.44921875,2025-07-26 21:49:14
18736,conhost.exe,0.0,7.4765625,2025-07-26 21:49:14
18760,svchost.exe,0.0,54.50390625,2025-07-26 21:49:14
18980,chrome.exe,0.0,573.29296875,2025-07-26 21:49:14
19052,browser_assistant.exe,0.0,43.8046875,2025-07-26 21:49:14
19072,chrome.exe,0.06666666666666667,2079.61328125,2025-07-26 21:49:14
19100,unsecapp.exe,0.0,5.42578125,2025-07-26 21:49:14
19184,Discord.exe,0.0,35.02734375,2025-07-26 21:49:14
19280,python.exe,0.125,147.18359375,2025-07-26 21:49:14
19348,chrome.exe,0.0,37.8515625,2025-07-26 21:49:14
19492,chrome.exe,0.0,561.75,2025-07-26 21:49:14
19600,steamwebhelper.exe,0.06666666666666667,165.59765625,2025-07-26 21:49:14
19676,svchost.exe,0.0,23.19140625,2025-07-26 21:49:14
19736,DiscordPTB.exe,0.0,32.40234375,2025-07-26 21:49:14
19760,msedge.exe,0.0,246.48046875,2025-07-26 21:49:14
19792,chrome.exe,0.0,829.296875,2025-07-26 21:49:14
19912,chrome.exe,0.0,447.50390625,2025-07-26 21:49:14
20200,conhost.exe,0.0,8.68359375,2025-07-26 21:49:14
20276,chrome.exe,0.0,46.1015625,2025-07-26 21:49:14
20356,msedgewebview2.exe,0.0,120.7734375,2025-07-26 21:49:14
20500,SearchProtocolHost.exe,0.0,25.04296875,2025-07-26 21:49:14
20648,svchost.exe,0.0,18.99609375,2025-07-26 21:49:14
20708,explorer.exe,0.0,83.52734375,2025-07-26 21:49:14
20768,chrome.exe,0.06666666666666667,163.1953125,2025-07-26 21:49:14
20804,chrome.exe,0.0,523.3359375,2025-07-26 21:49:14
21036,audiodg.exe,0.25833333333333336,41.765625,2025-07-26 21:49:14
21048,conhost.exe,0.0,22.8984375,2025-07-26 21:49:14
21372,chrome.exe,0.0,644.9296875,2025-07-26 21:49:14
21496,SystemSettings.exe,0.0,28.55859375,2025-07-26 21:49:14
21776,ApplicationFrameHost.exe,0.0,13.48828125,2025-07-26 21:49:14
21796,svchost.exe,0.0,52.171875,2025-07-26 21:49:14
21828,chrome.exe,0.0,127.828125,2025-07-26 21:49:14
22064,RuntimeBroker.exe,0.0,5.47265625,2025-07-26 21:49:14
22148,chrome.exe,0.0,844.18359375,2025-07-26 21:49:14
22212,chrome.exe,0.0,460.16015625,2025-07-26 21:49:14
22412,svchost.exe,0.0,22.60546875,2025-07-26 21:49:14
22576,chrome.exe,0.0,94.078125,2025-07-26 21:49:14
22692,msedgewebview2.exe,0.0,39.421875,2025-07-26 21:49:14
22796,pgAdmin4.exe,0.0,70.69140625,2025-07-26 21:49:14
22880,postgres.exe,0.0,41.91796875,2025-07-26 21:49:14
23260,WindowsPackageManagerServer.exe,0.0,60.31640625,2025-07-26 21:49:14
23284,pgAdmin4.exe,0.0,66.31640625,2025-07-26 21:49:14
25256,Microsoft.SharePoint.exe,0.0,9.1796875,2025-07-26 21:49:14
25368,python.exe,12.558333333333334,56.19921875,2025-07-26 21:49:14
25592,msedge.exe,0.0,51.2109375,2025-07-26 21:49:14
25648,SearchFilterHost.exe,0.0,22.34765625,2025-07-26 21:49:14
26024,msedge.exe,0.0,84.93359375,2025-07-26 21:49:14
26640,chrome.exe,0.0,51.328125,2025-07-26 21:49:14
26892,conhost.exe,0.0,34.18359375,2025-07-26 21:49:14
88,,0.0,158.34375,2025-07-26 21:49:16
156,Registry,0.0,205.484375,2025-07-26 21:49:16
512,smss.exe,0.0,1.65625,2025-07-26 21:49:16
836,csrss.exe,0.0,9.59375,2025-07-26 21:49:16
916,svchost.exe,0.0,14.4375,2025-07-26 21:49:16
924,wininit.exe,0.0,5.671875,2025-07-26 21:49:16
932,csrss.exe,0.0,15.47265625,2025-07-26 21:49:16
992,services.exe,0.0,32.625,2025-07-26 21:49:16
1012,LsaIso.exe,0.0,11.9375,2025-07-26 21:49:16
1020,lsass.exe,0.0,98.296875,2025-07-26 21:49:16
1060,chrome.exe,0.0,586.5078125,2025-07-26 21:49:16
1064,svchost.exe,0.0,130.328125,2025-07-26 21:49:16
1072,winlogon.exe,0.0,41.265625,2025-07-26 21:49:16
1132,fontdrvhost.exe,0.0,13.890625,2025-07-26 21:49:16
1152,WUDFHost.exe,0.0,2.359375,2025-07-26 21:49:16
1196,fontdrvhost.exe,0.0,32.375,2025-07-26 21:49:16
1220,RuntimeBroker.exe,0.0,77.28125,2025-07-26 21:49:16
1280,svchost.exe,0.06666666666666667,79.66796875,2025-07-26 21:49:16
1320,svchost.exe,0.0,56.84375,2025-07-26 21:49:16
1324,svchost.exe,0.0,38.265625,2025-07-26 21:49:16
1332,chrome.exe,0.0,67.828125,2025-07-26 21:49:16
1388,postgres.exe,0.0,10.65625,2025-07-26 21:49:16
1428,chrome.exe,0.0,1127.01953125,2025-07-26 21:49:16
1440,svchost.exe,0.0,19.5,2025-07-26 21:49:16
1468,svchost.exe,0.0,20.34375,2025-07-26 21:49:16
1524,svchost.exe,0.0,52.203125,2025-07-26 21:49:16
1540,svchost.exe,0.0,36.19140625,2025-07-26 21:49:16
1548,svchost.exe,0.0,44.78125,2025-07-26 21:49:16
1636,svchost.exe,0.0,24.28125,2025-07-26 21:49:16
1668,svchost.exe,0.0,26.296875,2025-07-26 21:49:16
1688,RuntimeBroker.exe,0.0,33.42578125,2025-07-26 21:49:16
1724,svchost.exe,0.0,55.78125,2025-07-26 21:49:16
1740,svchost.exe,0.0,28.25,2025-07-26 21:49:16
1764,dwm.exe,0.3583333333333333,153.37109375,2025-07-26 21:49:16
1836,WebCompanion.exe,0.0,66.328125,2025-07-26 21:49:16
1860,svchost.exe,0.15,87.8359375,2025-07-26 21:49:16
1900,svchost.exe,0.0,29.703125,2025-07-26 21:49:16
1944,notepad.exe,0.0,26.5625,2025-07-26 21:49:16
1960,svchost.exe,0.0,37.08984375,2025-07-26 21:49:16
1988,svchost.exe,0.0,34.8125,2025-07-26 21:49:16
2024,DiscordPTB.exe,0.0,23.765625,2025-07-26 21:49:16
2100,svchost.exe,0.0,39.03125,2025-07-26 21:49:16
2148,vmms.exe,0.0,28.5625,2025-07-26 21:49:16
2156,svchost.exe,0.0,47.984375,2025-07-26 21:49:16
2192,Discord.exe,0.0,82.92578125,2025-07-26 21:49:16
2220,svchost.exe,0.0,22.8125,2025-07-26 21:49:16
2296,chrome.exe,0.0,978.4453125,2025-07-26 21:49:16
2316,svchost.exe,0.06666666666666667,47.0703125,2025-07-26 21:49:16
2324,svchost.exe,0.0,41.671875,2025-07-26 21:49:16
2428,NVDisplay.Container.exe,0.06666666666666667,73.984375,2025-07-26 21:49:16
2476,svchost.exe,0.0,28.90625,2025-07-26 21:49:16
2540,chrome.exe,1.0166666666666666,1225.984375,2025-07-26 21:49:16
2556,svchost.exe,0.0,73.8984375,2025-07-26 21:49:16
2564,svchost.exe,0.0,36.890625,2025-07-26 21:49:16
2664,svchost.exe,0.0,25.171875,2025-07-26 21:49:16
2676,svchost.exe,0.0,26.546875,2025-07-26 21:49:16
2684,chrome.exe,0.049999999999999996,774.28515625,2025-07-26 21:49:16
2700,svchost.exe,0.0,32.546875,2025-07-26 21:49:16
2716,RtkNGUI64.exe,0.0,39.546875,2025-07-26 21:49:16
2764,CCleaner64.exe,0.0,56.09375,2025-07-26 21:49:16
2792,svchost.exe,0.0,21.828125,2025-07-26 21:49:16
2804,svchost.exe,0.0,22.75,2025-07-26 21:49:16
2828,svchost.exe,0.0,29.40625,2025-07-26 21:49:16
2864,chrome.exe,0.0,607.08203125,2025-07-26 21:49:16
2884,svchost.exe,0.0,24.859375,2025-07-26 21:49:16
3008,svchost.exe,0.0,29.140625,2025-07-26 21:49:16
3028,svchost.exe,0.0,11.8125,2025-07-26 21:49:16
3040,MemCompression,0.0,440.09765625,2025-07-26 21:49:16
3148,UserOOBEBroker.exe,0.0,38.390625,2025-07-26 21:49:16
3224,svchost.exe,0.0,34.375,2025-07-26 21:49:16
3304,vmcompute.exe,0.0,33.71875,2025-07-26 21:49:16
3436,NVDisplay.Container.exe,0.0,101.28125,2025-07-26 21:49:16
3520,svchost.exe,0.0,38.40625,2025-07-26 21:49:16
3832,Taskmgr.exe,0.30833333333333335,158.203125,2025-07-26 21:49:16
3924,WmiPrvSE.exe,2.9416666666666664,131.765625,2025-07-26 21:49:16
3956,chrome.exe,0.0,865.84375,2025-07-26 21:49:16
4016,svchost.exe,0.0,56.328125,2025-07-26 21:49:16
4036,conhost.exe,0.0,8.0,2025-07-26 21:49:16
4044,python.exe,0.0,13.578125,2025-07-26 21:49:16
4236,svchost.exe,0.0,64.15234375,2025-07-26 21:49:16
4320,svchost.exe,0.0,45.328125,2025-07-26 21:49:16
4448,spoolsv.exe,0.0,47.65625,2025-07-26 21:49:16
4512,svchost.exe,0.0,29.0,2025-07-26 21:49:16
4616,steamwebhelper.exe,0.0,77.46875,2025-07-26 21:49:16
4676,dllhost.exe,0.0,43.984375,2025-07-26 21:49:16
4756,svchost.exe,0.0,22.078125,2025-07-26 21:49:16
4772,svchost.exe,0.0,25.46875,2025-07-26 21:49:16
4780,svchost.exe,0.0,107.828125,2025-07-26 21:49:16
4788,Lavasoft.WCAssistant.WinService.exe,0.0,34.359375,2025-07-26 21:49:16
4796,svchost.exe,0.0,27.59375,2025-07-26 21:49:16
4812,svchost.exe,0.0,35.03125,2025-07-26 21:49:16
4832,LMIGuardianSvc.exe,0.0,28.53125,2025-07-26 21:49:16
4840,svchost.exe,0.0,75.9375,2025-07-26 21:49:16
4848,nvcontainer.exe,0.0,35.34375,2025-07-26 21:49:16
4856,DCIService.exe,0.0,19.1875,2025-07-26 21:49:16
4864,svchost.exe,0.0,20.78125,2025-07-26 21:49:16
4888,hamachi-2.exe,0.0,64.828125,2025-07-26 21:49:16
4900,jhi_service.exe,0.0,21.953125,2025-07-26 21:49:16
4920,sqlwriter.exe,0.0,27.5,2025-07-26 21:49:16
4928,servicehost.exe,0.0,113.09375,2025-07-26 21:49:16
4936,OfficeClickToRun.exe,0.0,66.515625,2025-07-26 21:49:16
4944,WMIRegistrationService.exe,0.0,46.8125,2025-07-26 21:49:16
4952,svchost.exe,0.0,127.59375,2025-07-26 21:49:16
4960,wslservice.exe,0.0,34.75,2025-07-26 21:49:16
4968,MsMpEng.exe,1.1083333333333334,863.9921875,2025-07-26 21:49:16
4976,svchost.exe,0.0,23.53125,2025-07-26 21:49:16
4984,svchost.exe,0.0,29.671875,2025-07-26 21:49:16
4992,WindscribeService.exe,0.0,41.671875,2025-07-26 21:49:16
5004,TeamViewer_Service.exe,0.0,22.203125,2025-07-26 21:49:17
5012,CCleanerPerformanceOptimizerService.exe,0.0,24.390625,2025-07-26 21:49:17
5032,MemuService.exe,0.0,20.75,2025-07-26 21:49:17
5064,chrome.exe,0.06666666666666667,1803.1015625,2025-07-26 21:49:17
5080,svchost.exe,0.0,63.140625,2025-07-26 21:49:17
5304,chrome.exe,0.0,33.65625,2025-07-26 21:49:17
5388,svchost.exe,0.0,25.546875,2025-07-26 21:49:17
5412,svchost.exe,0.0,32.734375,2025-07-26 21:49:17
5436,MpDefenderCoreService.exe,0.0,68.84375,2025-07-26 21:49:17
5488,CalculatorApp.exe,0.0,45.4375,2025-07-26 21:49:17
5604,sqlceip.exe,0.0,89.21875,2025-07-26 21:49:17
5616,sqlservr.exe,0.05833333333333333,258.328125,2025-07-26 21:49:17
5624,sqlservr.exe,0.0,219.609375,2025-07-26 21:49:17
5648,sqlceip.exe,0.0,76.625,2025-07-26 21:49:17
5660,chrome.exe,0.0,68.796875,2025-07-26 21:49:17
5804,svchost.exe,0.0,13.125,2025-07-26 21:49:17
5960,dasHost.exe,0.0,33.890625,2025-07-26 21:49:17
6076,svchost.exe,0.0,16.359375,2025-07-26 21:49:17
6100,svchost.exe,0.0,26.09375,2025-07-26 21:49:17
6124,chrome.exe,0.06666666666666667,1124.07421875,2025-07-26 21:49:17
6212,IriunWebcam.exe,0.0,83.703125,2025-07-26 21:49:17
6516,svchost.exe,0.0,42.734375,2025-07-26 21:49:17
6608,pgAdmin4.exe,0.0,188.6484375,2025-07-26 21:49:17
6776,chrome.exe,0.0,738.859375,2025-07-26 21:49:17
6820,chrome.exe,0.0,631.1796875,2025-07-26 21:49:17
6876,SearchIndexer.exe,0.0,140.4140625,2025-07-26 21:49:17
7056,ctfmon.exe,0.0,63.09375,2025-07-26 21:49:17
7424,Video.UI.exe,0.0,43.28125,2025-07-26 21:49:17
7468,SecurityHealthService.exe,0.0,31.390625,2025-07-26 21:49:17
7648,RuntimeBroker.exe,0.0,68.1875,2025-07-26 21:49:17
7720,svchost.exe,0.0,42.296875,2025-07-26 21:49:17
7848,svchost.exe,0.0,17.421875,2025-07-26 21:49:17
7868,svchost.exe,0.0,30.953125,2025-07-26 21:49:17
8012,dasHost.exe,0.0,16.234375,2025-07-26 21:49:17
8196,pgAdmin4.exe,0.0,48.0390625,2025-07-26 21:49:17
8312,postgres.exe,0.0,26.0,2025-07-26 21:49:17
8504,FileCoAuth.exe,0.0,67.453125,2025-07-26 21:49:17
8640,svchost.exe,0.0,18.78125,2025-07-26 21:49:17
8772,chrome.exe,0.06666666666666667,2277.9453125,2025-07-26 21:49:17
8812,postgres.exe,0.0,18.125,2025-07-26 21:49:17
9000,AggregatorHost.exe,0.0,36.4375,2025-07-26 21:49:17
9020,chrome.exe,0.0,613.30078125,2025-07-26 21:49:17
9060,svchost.exe,0.0,25.84375,2025-07-26 21:49:17
9172,NisSrv.exe,0.0,57.078125,2025-07-26 21:49:17
9344,uihost.exe,0.0,86.34375,2025-07-26 21:49:17
9536,nvcontainer.exe,0.05833333333333333,144.640625,2025-07-26 21:49:17
9572,sihost.exe,0.0,77.03125,2025-07-26 21:49:17
9620,svchost.exe,0.0,96.796875,2025-07-26 21:49:17
9660,svchost.exe,0.0,119.515625,2025-07-26 21:49:17
9720,SecurityHealthSystray.exe,0.0,18.109375,2025-07-26 21:49:17
9752,dllhost.exe,0.0,18.765625,2025-07-26 21:49:17
9808,postgres.exe,0.0,20.09375,2025-07-26 21:49:17
9820,postgres.exe,0.0,29.046875,2025-07-26 21:49:17
9844,svchost.exe,0.0,60.328125,2025-07-26 21:49:17
9856,pg_ctl.exe,0.0,7.5625,2025-07-26 21:49:17
9972,svchost.exe,0.0,26.09375,2025-07-26 21:49:17
10096,chrome.exe,0.0,809.98828125,2025-07-26 21:49:17
10112,explorer.exe,0.0,474.29296875,2025-07-26 21:49:17
10144,taskhostw.exe,0.0,66.25,2025-07-26 21:49:17
10160,pycharm64.exe,1.0916666666666668,7080.0546875,2025-07-26 21:49:17
10272,steamwebhelper.exe,0.0,17.234375,2025-07-26 21:49:17
10320,Discord.exe,0.0,17.828125,2025-07-26 21:49:17
10360,svchost.exe,0.0,48.609375,2025-07-26 21:49:17
10372,SearchApp.exe,0.0,115.46875,2025-07-26 21:49:17
10576,svchost.exe,0.0,19.6875,2025-07-26 21:49:17
10640,chrome.exe,0.0,289.4453125,2025-07-26 21:49:17
10644,chrome.exe,0.0,1132.64453125,2025-07-26 21:49:17
10672,chrome.exe,0.0,510.94140625,2025-07-26 21:49:17
10692,svchost.exe,0.0,22.921875,2025-07-26 21:49:17
10704,chrome.exe,0.0,777.14453125,2025-07-26 21:49:17
10716,steamwebhelper.exe,0.0,106.171875,2025-07-26 21:49:17
10788,svchost.exe,0.0,55.140625,2025-07-26 21:49:17
10792,msedgewebview2.exe,0.0,215.5625,2025-07-26 21:49:17
11048,svchost.exe,0.0,30.609375,2025-07-26 21:49:17
11056,svchost.exe,0.0,44.78125,2025-07-26 21:49:17
11096,dllhost.exe,0.0,32.46875,2025-07-26 21:49:17
11348,RuntimeBroker.exe,0.0,21.78125,2025-07-26 21:49:17
11384,chrome.exe,0.0,1071.06640625,2025-07-26 21:49:17
11492,NVIDIA Web Helper.exe,0.0,15.375,2025-07-26 21:49:17
11500,conhost.exe,0.0,3.734375,2025-07-26 21:49:17
11624,svchost.exe,0.0,76.390625,2025-07-26 21:49:17
11812,SteamService.exe,0.0,20.15625,2025-07-26 21:49:17
11912,StartMenuExperienceHost.exe,0.0,145.40625,2025-07-26 21:49:17
12008,Discord.exe,0.95,223.921875,2025-07-26 21:49:17
12056,svchost.exe,0.0,30.078125,2025-07-26 21:49:17
12064,msedge.exe,0.0,28.375,2025-07-26 21:49:17
12164,chrome.exe,0.05833333333333333,305.9296875,2025-07-26 21:49:17
12168,RuntimeBroker.exe,0.0,48.5625,2025-07-26 21:49:17
12204,svchost.exe,0.0,54.984375,2025-07-26 21:49:17
12312,SearchApp.exe,0.0,109.84375,2025-07-26 21:49:17
12348,msedgewebview2.exe,0.0,17.953125,2025-07-26 21:49:17
12436,chrome.exe,0.06666666666666667,1064.0859375,2025-07-26 21:49:17
12600,RuntimeBroker.exe,0.0,90.48046875,2025-07-26 21:49:17
12612,browserhost.exe,0.0,46.546875,2025-07-26 21:49:17
12684,chrome.exe,0.0,194.83984375,2025-07-26 21:49:17
13012,chrome.exe,0.06666666666666667,315.44140625,2025-07-26 21:49:17
13184,LockApp.exe,0.0,20.1875,2025-07-26 21:49:17
13392,PresentationFontCache.exe,0.0,11.921875,2025-07-26 21:49:17
13416,ShellExperienceHost.exe,0.0,37.4375,2025-07-26 21:49:17
13524,DiscordPTB.exe,0.0,233.2578125,2025-07-26 21:49:17
13568,svchost.exe,0.0,45.21875,2025-07-26 21:49:17
13736,postgres.exe,0.0,21.71875,2025-07-26 21:49:17
13984,steam.exe,0.05833333333333333,129.8125,2025-07-26 21:49:17
14012,postgres.exe,0.0,4.59375,2025-07-26 21:49:17
14136,powershell.exe,0.0,52.34375,2025-07-26 21:49:17
14236,conhost.exe,0.0,13.40625,2025-07-26 21:49:17
14288,Discord.exe,0.0,206.234375,2025-07-26 21:49:17
14332,msedge.exe,0.0,90.265625,2025-07-26 21:49:17
14512,WinRAR.exe,0.0,126.46875,2025-07-26 21:49:17
14520,chrome.exe,0.0,1507.73046875,2025-07-26 21:49:17
14528,postgres.exe,0.0,21.625,2025-07-26 21:49:17
14680,msedge.exe,0.0,113.875,2025-07-26 21:49:17
14700,chrome.exe,0.0,621.3203125,2025-07-26 21:49:17
14828,OneDrive.exe,0.0,210.2265625,2025-07-26 21:49:17
14852,chrome.exe,0.0,732.80859375,2025-07-26 21:49:17
14860,postgres.exe,0.0,15.484375,2025-07-26 21:49:17
14924,chrome.exe,0.0,587.7109375,2025-07-26 21:49:17
15356,TextInputHost.exe,0.0,57.6875,2025-07-26 21:49:17
15496,steamwebhelper.exe,0.0,55.4375,2025-07-26 21:49:17
15688,DiscordPTB.exe,0.0,205.1875,2025-07-26 21:49:17
15720,DiscordPTB.exe,0.0,105.25,2025-07-26 21:49:17
16016,msedgewebview2.exe,0.0,70.984375,2025-07-26 21:49:17
16096,chrome.exe,0.5083333333333333,1442.11328125,2025-07-26 21:49:17
16108,CompPkgSrv.exe,0.0,11.234375,2025-07-26 21:49:17
16440,Copilot.exe,0.0,65.75,2025-07-26 21:49:17
16708,steamwebhelper.exe,0.0,40.0625,2025-07-26 21:49:17
16952,steamwebhelper.exe,0.0,136.6015625,2025-07-26 21:49:17
17212,FileWatcher.exe,0.0,32.765625,2025-07-26 21:49:17
17400,browser_assistant.exe,0.0,25.421875,2025-07-26 21:49:17
17532,postgres.exe,0.0,15.734375,2025-07-26 21:49:17
17564,DiscordPTB.exe,0.13333333333333333,1077.69140625,2025-07-26 21:49:17
17572,hamachi-2-ui.exe,0.0,41.1875,2025-07-26 21:49:17
17616,RuntimeBroker.exe,0.0,13.984375,2025-07-26 21:49:17
17644,chrome.exe,0.0,17.984375,2025-07-26 21:49:17
17648,chrome.exe,0.0,134.40625,2025-07-26 21:49:17
17740,chrome.exe,0.0,595.421875,2025-07-26 21:49:17
17900,msedgewebview2.exe,0.0,35.703125,2025-07-26 21:49:17
17904,chrome.exe,0.0,109.28125,2025-07-26 21:49:17
17936,Discord.exe,4.183333333333334,1450.3359375,2025-07-26 21:49:17
18140,fsnotifier.exe,0.0,3.734375,2025-07-26 21:49:17
18244,adb.exe,0.0,22.98046875,2025-07-26 21:49:17
18444,chrome.exe,0.0,581.34765625,2025-07-26 21:49:17
18500,msedgewebview2.exe,0.0,108.859375,2025-07-26 21:49:17
18560,cmd.exe,0.0,15.265625,2025-07-26 21:49:17
18736,conhost.exe,0.0,9.96875,2025-07-26 21:49:17
18760,svchost.exe,0.0,72.671875,2025-07-26 21:49:17
18980,chrome.exe,0.0,764.41796875,2025-07-26 21:49:17
19052,browser_assistant.exe,0.0,58.40625,2025-07-26 21:49:17
19072,chrome.exe,0.5083333333333333,2787.1953125,2025-07-26 21:49:17
19100,unsecapp.exe,0.0,7.234375,2025-07-26 21:49:17
19184,Discord.exe,0.0,46.703125,2025-07-26 21:49:17
19280,python.exe,0.125,196.25,2025-07-26 21:49:17
19348,chrome.exe,0.0,50.46875,2025-07-26 21:49:17
19492,chrome.exe,0.0,749.01171875,2025-07-26 21:49:17
19600,steamwebhelper.exe,0.06666666666666667,220.8671875,2025-07-26 21:49:17
19676,svchost.exe,0.0,30.921875,2025-07-26 21:49:17
19736,DiscordPTB.exe,0.0,43.203125,2025-07-26 21:49:17
19760,msedge.exe,0.0,328.640625,2025-07-26 21:49:17
19792,chrome.exe,0.0,1105.73828125,2025-07-26 21:49:17
19912,chrome.exe,0.0,596.6796875,2025-07-26 21:49:17
20200,conhost.exe,0.0,11.578125,2025-07-26 21:49:17
20276,chrome.exe,0.0,61.46875,2025-07-26 21:49:17
20356,msedgewebview2.exe,0.0,161.03125,2025-07-26 21:49:17
20500,SearchProtocolHost.exe,0.0,33.390625,2025-07-26 21:49:17
20648,svchost.exe,0.0,25.328125,2025-07-26 21:49:17
20708,explorer.exe,0.0,111.29296875,2025-07-26 21:49:17
20768,chrome.exe,0.06666666666666667,217.53515625,2025-07-26 21:49:17
20804,chrome.exe,0.06666666666666667,697.8359375,2025-07-26 21:49:17
21036,audiodg.exe,0.25833333333333336,55.6875,2025-07-26 21:49:17
21048,conhost.exe,0.0,30.53125,2025-07-26 21:49:17
21372,chrome.exe,0.0,859.91015625,2025-07-26 21:49:17
21496,SystemSettings.exe,0.0,38.078125,2025-07-26 21:49:17
21776,ApplicationFrameHost.exe,0.0,17.984375,2025-07-26 21:49:17
21796,svchost.exe,0.0,69.5625,2025-07-26 21:49:17
21828,chrome.exe,0.0,170.4453125,2025-07-26 21:49:17
22064,RuntimeBroker.exe,0.0,7.296875,2025-07-26 21:49:17
22148,chrome.exe,0.0,1125.609375,2025-07-26 21:49:17
22212,chrome.exe,0.0,613.5703125,2025-07-26 21:49:17
22412,svchost.exe,0.0,30.140625,2025-07-26 21:49:17
22576,chrome.exe,0.19166666666666665,162.4453125,2025-07-26 21:49:17
22692,msedgewebview2.exe,0.0,52.5625,2025-07-26 21:49:17
22796,pgAdmin4.exe,0.0,94.24609375,2025-07-26 21:49:17
22880,postgres.exe,0.0,55.921875,2025-07-26 21:49:17
23260,WindowsPackageManagerServer.exe,0.0,80.421875,2025-07-26 21:49:17
23284,pgAdmin4.exe,0.0,88.421875,2025-07-26 21:49:17
25256,Microsoft.SharePoint.exe,0.0,12.234375,2025-07-26 21:49:17
25368,python.exe,16.85,75.1953125,2025-07-26 21:49:17
25592,msedge.exe,0.0,68.28125,2025-07-26 21:49:17
25648,SearchFilterHost.exe,0.0,29.796875,2025-07-26 21:49:17
26024,msedge.exe,0.0,113.2578125,2025-07-26 21:49:17
26640,chrome.exe,0.0,68.4375,2025-07-26 21:49:17
26892,conhost.exe,0.0,45.578125,2025-07-26 21:49:17
22844,chrome.exe,0.0,79.60546875,2025-07-26 21:49:17
88,,0.0,197.9296875,2025-07-26 21:49:19
156,Registry,0.0,256.85546875,2025-07-26 21:49:19
512,smss.exe,0.0,2.0703125,2025-07-26 21:49:19
836,csrss.exe,0.0,11.9921875,2025-07-26 21:49:19
916,svchost.exe,0.0,18.046875,2025-07-26 21:49:19
924,wininit.exe,0.0,7.08984375,2025-07-26 21:49:19
932,csrss.exe,0.0,19.34765625,2025-07-26 21:49:19
992,services.exe,0.0,40.78125,2025-07-26 21:49:19
1012,LsaIso.exe,0.0,14.921875,2025-07-26 21:49:19
1020,lsass.exe,0.0,122.87109375,2025-07-26 21:49:19
1060,chrome.exe,0.0,733.14453125,2025-07-26 21:49:19
1064,svchost.exe,0.0,162.91015625,2025-07-26 21:49:19
1072,winlogon.exe,0.0,51.58203125,2025-07-26 21:49:19
1132,fontdrvhost.exe,0.0,17.36328125,2025-07-26 21:49:19
1152,WUDFHost.exe,0.0,2.94921875,2025-07-26 21:49:19
1196,fontdrvhost.exe,0.0,40.46875,2025-07-26 21:49:19
1220,RuntimeBroker.exe,0.0,96.6015625,2025-07-26 21:49:19
1280,svchost.exe,0.06666666666666667,99.38671875,2025-07-26 21:49:19
1320,svchost.exe,0.0,71.0546875,2025-07-26 21:49:19
1324,svchost.exe,0.0,47.83203125,2025-07-26 21:49:19
1332,chrome.exe,0.0,84.78515625,2025-07-26 21:49:19
1388,postgres.exe,0.0,13.3203125,2025-07-26 21:49:19
1428,chrome.exe,0.0,1408.77734375,2025-07-26 21:49:19
1440,svchost.exe,0.0,24.375,2025-07-26 21:49:19
1468,svchost.exe,0.0,25.4296875,2025-07-26 21:49:19
1524,svchost.exe,0.0,65.25390625,2025-07-26 21:49:19
1540,svchost.exe,0.0,45.2421875,2025-07-26 21:49:19
1548,svchost.exe,0.0,55.9765625,2025-07-26 21:49:19
1636,svchost.exe,0.0,30.3515625,2025-07-26 21:49:19
1668,svchost.exe,0.0,32.87109375,2025-07-26 21:49:19
1688,RuntimeBroker.exe,0.0,41.80859375,2025-07-26 21:49:19
1724,svchost.exe,0.0,69.7265625,2025-07-26 21:49:19
1740,svchost.exe,0.0,35.3125,2025-07-26 21:49:19
1764,dwm.exe,0.3583333333333333,191.7109375,2025-07-26 21:49:19
1836,WebCompanion.exe,0.0,82.91015625,2025-07-26 21:49:19
1860,svchost.exe,0.3416666666666667,109.796875,2025-07-26 21:49:19
1900,svchost.exe,0.0,37.12890625,2025-07-26 21:49:19
1944,notepad.exe,0.0,33.203125,2025-07-26 21:49:19
1960,svchost.exe,0.0,46.3671875,2025-07-26 21:49:19
1988,svchost.exe,0.0,43.515625,2025-07-26 21:49:19
2024,DiscordPTB.exe,0.0,29.70703125,2025-07-26 21:49:19
2100,svchost.exe,0.0,48.7890625,2025-07-26 21:49:19
2148,vmms.exe,0.0,35.703125,2025-07-26 21:49:19
2156,svchost.exe,0.0,59.98046875,2025-07-26 21:49:19
2192,Discord.exe,0.0,103.65625,2025-07-26 21:49:19
2220,svchost.exe,0.0,28.515625,2025-07-26 21:49:19
2296,chrome.exe,0.0,1223.10546875,2025-07-26 21:49:19
2316,svchost.exe,0.06666666666666667,58.86328125,2025-07-26 21:49:19
2324,svchost.exe,0.0,52.08984375,2025-07-26 21:49:19
2428,NVDisplay.Container.exe,0.06666666666666667,92.48046875,2025-07-26 21:49:19
2476,svchost.exe,0.0,36.140625,2025-07-26 21:49:19
2540,chrome.exe,1.0166666666666666,1528.4453125,2025-07-26 21:49:19
2556,svchost.exe,0.0,92.37890625,2025-07-26 21:49:19
2564,svchost.exe,0.0,46.11328125,2025-07-26 21:49:19
2664,svchost.exe,0.0,31.46484375,2025-07-26 21:49:19
2676,svchost.exe,0.0,33.18359375,2025-07-26 21:49:19
2684,chrome.exe,0.049999999999999996,967.8828125,2025-07-26 21:49:19
2700,svchost.exe,0.0,40.68359375,2025-07-26 21:49:19
2716,RtkNGUI64.exe,0.0,49.43359375,2025-07-26 21:49:19
2764,CCleaner64.exe,0.0,70.1171875,2025-07-26 21:49:19
2792,svchost.exe,0.0,27.28515625,2025-07-26 21:49:19
2804,svchost.exe,0.0,28.4375,2025-07-26 21:49:19
2828,svchost.exe,0.0,36.7578125,2025-07-26 21:49:19
2864,chrome.exe,0.0,758.8671875,2025-07-26 21:49:19
2884,svchost.exe,0.0,31.07421875,2025-07-26 21:49:19
3008,svchost.exe,0.0,36.42578125,2025-07-26 21:49:19
3028,svchost.exe,0.0,14.765625,2025-07-26 21:49:19
3040,MemCompression,0.0,551.84375,2025-07-26 21:49:19
3148,UserOOBEBroker.exe,0.0,47.98828125,2025-07-26 21:49:19
3224,svchost.exe,0.0,42.96875,2025-07-26 21:49:19
3304,vmcompute.exe,0.0,42.1484375,2025-07-26 21:49:19
3436,NVDisplay.Container.exe,0.0,126.6015625,2025-07-26 21:49:19
3520,svchost.exe,0.0,48.0078125,2025-07-26 21:49:19
3832,Taskmgr.exe,0.30833333333333335,197.75390625,2025-07-26 21:49:19
3924,WmiPrvSE.exe,3.65,164.70703125,2025-07-26 21:49:19
3956,chrome.exe,0.0,1082.359375,2025-07-26 21:49:19
4016,svchost.exe,0.0,70.41015625,2025-07-26 21:49:19
4036,conhost.exe,0.0,10.0,2025-07-26 21:49:19
4044,python.exe,0.0,16.97265625,2025-07-26 21:49:19
4236,svchost.exe,0.0,80.15234375,2025-07-26 21:49:19
4320,svchost.exe,0.0,56.66015625,2025-07-26 21:49:19
4448,spoolsv.exe,0.0,59.5703125,2025-07-26 21:49:19
4512,svchost.exe,0.0,36.25,2025-07-26 21:49:19
4616,steamwebhelper.exe,0.0,96.8359375,2025-07-26 21:49:19
4676,dllhost.exe,0.0,54.98046875,2025-07-26 21:49:19
4756,svchost.exe,0.0,27.59765625,2025-07-26 21:49:19
4772,svchost.exe,0.0,31.8359375,2025-07-26 21:49:19
4780,svchost.exe,0.0,134.78515625,2025-07-26 21:49:19
4788,Lavasoft.WCAssistant.WinService.exe,0.0,42.94921875,2025-07-26 21:49:20
4796,svchost.exe,0.0,34.4921875,2025-07-26 21:49:20
4812,svchost.exe,0.0,43.7890625,2025-07-26 21:49:20
4832,LMIGuardianSvc.exe,0.0,35.6640625,2025-07-26 21:49:20
4840,svchost.exe,0.0,94.921875,2025-07-26 21:49:20
4848,nvcontainer.exe,0.0,44.1796875,2025-07-26 21:49:20
4856,DCIService.exe,0.0,23.984375,2025-07-26 21:49:20
4864,svchost.exe,0.0,25.9765625,2025-07-26 21:49:20
4888,hamachi-2.exe,0.0,81.03515625,2025-07-26 21:49:20
4900,jhi_service.exe,0.0,27.44140625,2025-07-26 21:49:20
4920,sqlwriter.exe,0.0,34.375,2025-07-26 21:49:20
4928,servicehost.exe,0.0,141.3671875,2025-07-26 21:49:20
4936,OfficeClickToRun.exe,0.0,83.14453125,2025-07-26 21:49:20
4944,WMIRegistrationService.exe,0.0,58.515625,2025-07-26 21:49:20
4952,svchost.exe,0.0,159.4921875,2025-07-26 21:49:20
4960,wslservice.exe,0.0,43.4375,2025-07-26 21:49:20
4968,MsMpEng.exe,1.425,1074.6171875,2025-07-26 21:49:20
4976,svchost.exe,0.0,29.4140625,2025-07-26 21:49:20
4984,svchost.exe,0.0,37.08984375,2025-07-26 21:49:20
4992,WindscribeService.exe,0.0,52.08984375,2025-07-26 21:49:20
5004,TeamViewer_Service.exe,0.0,27.75390625,2025-07-26 21:49:20
5012,CCleanerPerformanceOptimizerService.exe,0.0,30.48828125,2025-07-26 21:49:20
5032,MemuService.exe,0.0,25.9375,2025-07-26 21:49:20
5064,chrome.exe,0.06666666666666667,2253.96484375,2025-07-26 21:49:20
5080,svchost.exe,0.0,78.92578125,2025-07-26 21:49:20
5304,chrome.exe,0.0,42.0703125,2025-07-26 21:49:20
5388,svchost.exe,0.0,31.93359375,2025-07-26 21:49:20
5412,svchost.exe,0.0,40.91796875,2025-07-26 21:49:20
5436,MpDefenderCoreService.exe,0.0,86.0546875,2025-07-26 21:49:20
5488,CalculatorApp.exe,0.0,56.796875,2025-07-26 21:49:20
5604,sqlceip.exe,0.0,111.5234375,2025-07-26 21:49:20
5616,sqlservr.exe,0.05833333333333333,322.93359375,2025-07-26 21:49:20
5624,sqlservr.exe,3.5583333333333336,273.64453125,2025-07-26 21:49:20
5648,sqlceip.exe,0.0,95.77734375,2025-07-26 21:49:20
5660,chrome.exe,0.0,85.99609375,2025-07-26 21:49:20
5804,svchost.exe,0.0,16.40625,2025-07-26 21:49:20
5960,dasHost.exe,0.0,42.36328125,2025-07-26 21:49:20
6076,svchost.exe,0.0,20.44921875,2025-07-26 21:49:20
6100,svchost.exe,0.0,32.6171875,2025-07-26 21:49:20
6124,chrome.exe,0.06666666666666667,1405.1640625,2025-07-26 21:49:20
6212,IriunWebcam.exe,0.0,104.62890625,2025-07-26 21:49:20
6516,svchost.exe,0.0,53.41796875,2025-07-26 21:49:20
6608,pgAdmin4.exe,0.0,235.90625,2025-07-26 21:49:20
6776,chrome.exe,0.0,923.59375,2025-07-26 21:49:20
6820,chrome.exe,0.0,789.0390625,2025-07-26 21:49:20
6876,SearchIndexer.exe,0.0,175.51953125,2025-07-26 21:49:20
7056,ctfmon.exe,0.0,78.8671875,2025-07-26 21:49:20
7424,Video.UI.exe,0.0,54.1015625,2025-07-26 21:49:20
7468,SecurityHealthService.exe,0.0,39.23828125,2025-07-26 21:49:20
7648,RuntimeBroker.exe,0.0,85.234375,2025-07-26 21:49:20
7720,svchost.exe,0.0,52.87109375,2025-07-26 21:49:20
7848,svchost.exe,0.0,21.77734375,2025-07-26 21:49:20
7868,svchost.exe,0.0,38.69140625,2025-07-26 21:49:20
8012,dasHost.exe,0.0,20.29296875,2025-07-26 21:49:20
8196,pgAdmin4.exe,0.0,60.04296875,2025-07-26 21:49:20
8312,postgres.exe,0.0,32.5,2025-07-26 21:49:20
8504,FileCoAuth.exe,0.0,84.31640625,2025-07-26 21:49:20
8640,svchost.exe,0.0,23.4765625,2025-07-26 21:49:20
8772,chrome.exe,0.06666666666666667,2848.40625,2025-07-26 21:49:20
8812,postgres.exe,0.0,22.65625,2025-07-26 21:49:20
9000,AggregatorHost.exe,0.0,45.546875,2025-07-26 21:49:20
9020,chrome.exe,0.0,766.65234375,2025-07-26 21:49:20
9060,svchost.exe,0.0,32.3046875,2025-07-26 21:49:20
9172,NisSrv.exe,0.0,71.34765625,2025-07-26 21:49:20
9344,uihost.exe,0.0,107.91796875,2025-07-26 21:49:20
9536,nvcontainer.exe,0.05833333333333333,180.80078125,2025-07-26 21:49:20
9572,sihost.exe,0.0,96.2890625,2025-07-26 21:49:20
9620,svchost.exe,0.0,120.99609375,2025-07-26 21:49:20
9660,svchost.exe,0.0,149.39453125,2025-07-26 21:49:20
9720,SecurityHealthSystray.exe,0.0,22.63671875,2025-07-26 21:49:20
9752,dllhost.exe,0.0,23.45703125,2025-07-26 21:49:20
9808,postgres.exe,0.0,25.1171875,2025-07-26 21:49:20
9820,postgres.exe,0.0,36.30859375,2025-07-26 21:49:20
9844,svchost.exe,0.0,75.41015625,2025-07-26 21:49:20
9856,pg_ctl.exe,0.0,9.453125,2025-07-26 21:49:20
9972,svchost.exe,0.0,32.6171875,2025-07-26 21:49:20
10096,chrome.exe,0.0,1012.48828125,2025-07-26 21:49:20
10112,explorer.exe,0.0,593.14453125,2025-07-26 21:49:20
10144,taskhostw.exe,0.0,82.80078125,2025-07-26 21:49:20
10160,pycharm64.exe,1.1583333333333334,8853.61328125,2025-07-26 21:49:20
10272,steamwebhelper.exe,0.0,21.54296875,2025-07-26 21:49:20
10320,Discord.exe,0.0,22.28515625,2025-07-26 21:49:20
10360,svchost.exe,0.0,60.76171875,2025-07-26 21:49:20
10372,SearchApp.exe,0.0,144.3359375,2025-07-26 21:49:20
10576,svchost.exe,0.0,24.609375,2025-07-26 21:49:20
10640,chrome.exe,0.0,361.80859375,2025-07-26 21:49:20
10644,chrome.exe,0.0,1415.82421875,2025-07-26 21:49:20
10672,chrome.exe,0.0,638.6796875,2025-07-26 21:49:20
10692,svchost.exe,0.0,28.65234375,2025-07-26 21:49:20
10704,chrome.exe,0.0,971.44140625,2025-07-26 21:49:20
10716,steamwebhelper.exe,0.0,132.71484375,2025-07-26 21:49:20
10788,svchost.exe,0.0,68.921875,2025-07-26 21:49:20
10792,msedgewebview2.exe,0.0,269.453125,2025-07-26 21:49:20
11048,svchost.exe,0.0,38.26171875,2025-07-26 21:49:20
11056,svchost.exe,0.0,55.9765625,2025-07-26 21:49:20
11096,dllhost.exe,0.0,40.5859375,2025-07-26 21:49:20
11348,RuntimeBroker.exe,0.0,27.2265625,2025-07-26 21:49:20
11384,chrome.exe,0.0,1338.84375,2025-07-26 21:49:20
11492,NVIDIA Web Helper.exe,0.0,19.21875,2025-07-26 21:49:20
11500,conhost.exe,0.0,4.66796875,2025-07-26 21:49:20
11624,svchost.exe,0.0,95.48828125,2025-07-26 21:49:20
11812,SteamService.exe,0.0,25.1953125,2025-07-26 21:49:20
11912,StartMenuExperienceHost.exe,0.0,181.7578125,2025-07-26 21:49:20
12008,Discord.exe,1.0166666666666666,279.90234375,2025-07-26 21:49:20
12056,svchost.exe,0.0,37.59765625,2025-07-26 21:49:20
12064,msedge.exe,0.0,35.46875,2025-07-26 21:49:20
12164,chrome.exe,0.05833333333333333,382.6171875,2025-07-26 21:49:20
12168,RuntimeBroker.exe,0.0,60.703125,2025-07-26 21:49:20
12204,svchost.exe,0.0,68.73046875,2025-07-26 21:49:20
12312,SearchApp.exe,0.0,137.3046875,2025-07-26 21:49:20
12348,msedgewebview2.exe,0.0,22.44140625,2025-07-26 21:49:20
12436,chrome.exe,0.06666666666666667,1330.11328125,2025-07-26 21:49:20
12600,RuntimeBroker.exe,0.0,113.1171875,2025-07-26 21:49:20
12612,browserhost.exe,0.0,58.18359375,2025-07-26 21:49:20
12684,chrome.exe,0.0,243.5703125,2025-07-26 21:49:20
13012,chrome.exe,0.06666666666666667,394.3046875,2025-07-26 21:49:20
13184,LockApp.exe,0.0,25.234375,2025-07-26 21:49:20
13392,PresentationFontCache.exe,0.0,14.90234375,2025-07-26 21:49:20
13416,ShellExperienceHost.exe,0.0,46.796875,2025-07-26 21:49:20
13524,DiscordPTB.exe,0.06666666666666667,291.62890625,2025-07-26 21:49:20
13568,svchost.exe,0.0,56.5234375,2025-07-26 21:49:20
13736,postgres.exe,0.0,27.1484375,2025-07-26 21:49:20
13984,steam.exe,0.125,162.265625,2025-07-26 21:49:20
14012,postgres.exe,0.0,5.7421875,2025-07-26 21:49:20
14136,powershell.exe,0.0,65.4296875,2025-07-26 21:49:20
14236,conhost.exe,0.0,16.7578125,2025-07-26 21:49:20
14288,Discord.exe,0.0,257.8046875,2025-07-26 21:49:20
14332,msedge.exe,0.0,112.83203125,2025-07-26 21:49:20
14512,WinRAR.exe,0.0,158.0859375,2025-07-26 21:49:20
14520,chrome.exe,0.0,1884.68359375,2025-07-26 21:49:20
14528,postgres.exe,0.0,27.03125,2025-07-26 21:49:20
14680,msedge.exe,0.0,142.34375,2025-07-26 21:49:20
14700,chrome.exe,0.0,776.67578125,2025-07-26 21:49:20
14828,OneDrive.exe,0.0,262.78515625,2025-07-26 21:49:20
14852,chrome.exe,0.0,916.0546875,2025-07-26 21:49:20
14860,postgres.exe,0.0,19.35546875,2025-07-26 21:49:20
14924,chrome.exe,0.0,734.6640625,2025-07-26 21:49:20
15356,TextInputHost.exe,0.0,72.109375,2025-07-26 21:49:20
15496,steamwebhelper.exe,0.0,69.296875,2025-07-26 21:49:20
15688,DiscordPTB.exe,0.0,256.484375,2025-07-26 21:49:20
15720,DiscordPTB.exe,0.0,131.58203125,2025-07-26 21:49:20
16016,msedgewebview2.exe,0.0,88.73046875,2025-07-26 21:49:20
16096,chrome.exe,0.5083333333333333,1802.46484375,2025-07-26 21:49:20
16108,CompPkgSrv.exe,0.0,14.04296875,2025-07-26 21:49:20
16440,Copilot.exe,0.0,82.1875,2025-07-26 21:49:20
16708,steamwebhelper.exe,0.0,50.078125,2025-07-26 21:49:20
16952,steamwebhelper.exe,0.0,170.76953125,2025-07-26 21:49:20
17212,FileWatcher.exe,0.0,40.95703125,2025-07-26 21:49:20
17400,browser_assistant.exe,0.0,31.77734375,2025-07-26 21:49:20
17532,postgres.exe,0.0,19.66796875,2025-07-26 21:49:20
17564,DiscordPTB.exe,0.13333333333333333,1347.07421875,2025-07-26 21:49:20
17572,hamachi-2-ui.exe,0.0,51.484375,2025-07-26 21:49:20
17616,RuntimeBroker.exe,0.0,17.48046875,2025-07-26 21:49:20
17644,chrome.exe,0.0,22.48046875,2025-07-26 21:49:20
17648,chrome.exe,0.0,168.0234375,2025-07-26 21:49:20
17740,chrome.exe,0.0,744.296875,2025-07-26 21:49:20
17900,msedgewebview2.exe,0.0,44.62890625,2025-07-26 21:49:20
17904,chrome.exe,0.0,136.609375,2025-07-26 21:49:20
17936,Discord.exe,5.65,1814.375,2025-07-26 21:49:20
18140,fsnotifier.exe,0.0,4.66796875,2025-07-26 21:49:20
18244,adb.exe,0.0,28.734375,2025-07-26 21:49:20
18444,chrome.exe,0.0,726.75,2025-07-26 21:49:20
18500,msedgewebview2.exe,0.0,136.07421875,2025-07-26 21:49:20
18560,cmd.exe,0.0,19.08203125,2025-07-26 21:49:20
18736,conhost.exe,0.0,12.4609375,2025-07-26 21:49:20
18760,svchost.exe,0.0,90.83984375,2025-07-26 21:49:20
18980,chrome.exe,0.0,955.56640625,2025-07-26 21:49:20
19052,browser_assistant.exe,0.0,73.0078125,2025-07-26 21:49:20
19072,chrome.exe,0.5083333333333333,3494.78515625,2025-07-26 21:49:20
19100,unsecapp.exe,0.0,9.04296875,2025-07-26 21:49:20
19184,Discord.exe,0.0,58.37890625,2025-07-26 21:49:20
19280,python.exe,0.125,245.31640625,2025-07-26 21:49:20
19348,chrome.exe,0.0,63.0859375,2025-07-26 21:49:20
19492,chrome.exe,0.0,936.28125,2025-07-26 21:49:20
19600,steamwebhelper.exe,0.06666666666666667,276.13671875,2025-07-26 21:49:20
19676,svchost.exe,0.0,38.65234375,2025-07-26 21:49:20
19736,DiscordPTB.exe,0.0,54.00390625,2025-07-26 21:49:20
19760,msedge.exe,0.0,410.80078125,2025-07-26 21:49:20
19792,chrome.exe,0.0,1382.18359375,2025-07-26 21:49:20
19912,chrome.exe,0.0,745.87109375,2025-07-26 21:49:20
20200,conhost.exe,0.0,14.47265625,2025-07-26 21:49:20
20276,chrome.exe,0.0,76.8359375,2025-07-26 21:49:20
20356,msedgewebview2.exe,0.0,201.2890625,2025-07-26 21:49:20
20500,SearchProtocolHost.exe,0.0,41.73828125,2025-07-26 21:49:20
20648,svchost.exe,0.0,31.66015625,2025-07-26 21:49:20
20708,explorer.exe,0.0,139.05859375,2025-07-26 21:49:20
20768,chrome.exe,0.06666666666666667,271.890625,2025-07-26 21:49:20
20804,chrome.exe,0.06666666666666667,872.2734375,2025-07-26 21:49:20
21036,audiodg.exe,0.38333333333333336,69.609375,2025-07-26 21:49:20
21048,conhost.exe,0.0,38.1640625,2025-07-26 21:49:20
21372,chrome.exe,0.0,1074.890625,2025-07-26 21:49:20
21496,SystemSettings.exe,0.0,47.59765625,2025-07-26 21:49:20
21776,ApplicationFrameHost.exe,0.0,22.48046875,2025-07-26 21:49:20
21796,svchost.exe,0.0,86.96484375,2025-07-26 21:49:20
21828,chrome.exe,0.0,211.6640625,2025-07-26 21:49:20
22064,RuntimeBroker.exe,0.0,9.12109375,2025-07-26 21:49:20
22148,chrome.exe,0.0,1407.0546875,2025-07-26 21:49:20
22212,chrome.exe,0.0,766.98828125,2025-07-26 21:49:20
22412,svchost.exe,0.0,37.67578125,2025-07-26 21:49:20
22576,chrome.exe,0.19166666666666665,237.4140625,2025-07-26 21:49:20
22692,msedgewebview2.exe,0.0,65.703125,2025-07-26 21:49:20
22796,pgAdmin4.exe,0.0,117.80078125,2025-07-26 21:49:20
22880,postgres.exe,0.0,69.92578125,2025-07-26 21:49:20
23260,WindowsPackageManagerServer.exe,0.0,100.52734375,2025-07-26 21:49:20
23284,pgAdmin4.exe,0.0,110.52734375,2025-07-26 21:49:20
25256,Microsoft.SharePoint.exe,0.0,15.2890625,2025-07-26 21:49:20
25368,python.exe,21.01666666666667,94.19140625,2025-07-26 21:49:20
25592,msedge.exe,0.0,85.3515625,2025-07-26 21:49:20
25648,SearchFilterHost.exe,0.0,37.24609375,2025-07-26 21:49:20
26024,msedge.exe,0.0,141.58203125,2025-07-26 21:49:20
26640,chrome.exe,0.0,85.546875,2025-07-26 21:49:20
26892,conhost.exe,0.0,56.97265625,2025-07-26 21:49:20
22844,chrome.exe,0.0,159.52734375,2025-07-26 21:49:20
12132,chrome.exe,0.0,31.73046875,2025-07-26 21:49:20
88,,0.0,237.515625,2025-07-26 21:49:22
156,Registry,0.0,308.2265625,2025-07-26 21:49:22
512,smss.exe,0.0,2.484375,2025-07-26 21:49:22
836,csrss.exe,0.0,14.390625,2025-07-26 21:49:22
916,svchost.exe,0.0,21.65625,2025-07-26 21:49:22
924,wininit.exe,0.0,8.5078125,2025-07-26 21:49:22
932,csrss.exe,0.0,23.22265625,2025-07-26 21:49:22
992,services.exe,0.0,48.9375,2025-07-26 21:49:22
1012,LsaIso.exe,0.0,17.90625,2025-07-26 21:49:22
1020,lsass.exe,0.0,147.4453125,2025-07-26 21:49:22
1060,chrome.exe,0.0,879.796875,2025-07-26 21:49:22
1064,svchost.exe,0.0,195.4921875,2025-07-26 21:49:22
1072,winlogon.exe,0.0,61.8984375,2025-07-26 21:49:22
1132,fontdrvhost.exe,0.0,20.8359375,2025-07-26 21:49:22
1152,WUDFHost.exe,0.0,3.5390625,2025-07-26 21:49:22
1196,fontdrvhost.exe,0.0,48.5625,2025-07-26 21:49:22
1220,RuntimeBroker.exe,0.0,115.921875,2025-07-26 21:49:22
1280,svchost.exe,0.06666666666666667,119.13671875,2025-07-26 21:49:22
1320,svchost.exe,0.0,85.265625,2025-07-26 21:49:22
1324,svchost.exe,0.0,57.3984375,2025-07-26 21:49:22
1332,chrome.exe,0.0,101.7421875,2025-07-26 21:49:22
1388,postgres.exe,0.0,15.984375,2025-07-26 21:49:22
1428,chrome.exe,0.0,1690.5390625,2025-07-26 21:49:22
1440,svchost.exe,0.0,29.25,2025-07-26 21:49:22
1468,svchost.exe,0.0,30.515625,2025-07-26 21:49:22
1524,svchost.exe,0.0,78.3046875,2025-07-26 21:49:22
1540,svchost.exe,0.0,54.29296875,2025-07-26 21:49:22
1548,svchost.exe,0.0,67.171875,2025-07-26 21:49:22
1636,svchost.exe,0.0,36.421875,2025-07-26 21:49:22
1668,svchost.exe,0.0,39.4453125,2025-07-26 21:49:22
1688,RuntimeBroker.exe,0.0,50.19140625,2025-07-26 21:49:22
1724,svchost.exe,0.0,83.671875,2025-07-26 21:49:22
1740,svchost.exe,0.0,42.375,2025-07-26 21:49:22
1764,dwm.exe,0.42499999999999993,230.05078125,2025-07-26 21:49:22
1836,WebCompanion.exe,0.0,99.4921875,2025-07-26 21:49:22
1860,svchost.exe,0.3416666666666667,131.765625,2025-07-26 21:49:22
1900,svchost.exe,0.0,44.5546875,2025-07-26 21:49:22
1944,notepad.exe,0.0,39.84375,2025-07-26 21:49:22
1960,svchost.exe,0.0,55.64453125,2025-07-26 21:49:22
1988,svchost.exe,0.0,52.21875,2025-07-26 21:49:22
2024,DiscordPTB.exe,0.0,35.6484375,2025-07-26 21:49:22
2100,svchost.exe,0.0,58.546875,2025-07-26 21:49:22
2148,vmms.exe,0.0,42.84375,2025-07-26 21:49:22
2156,svchost.exe,0.0,71.9765625,2025-07-26 21:49:22
2192,Discord.exe,0.0,124.390625,2025-07-26 21:49:22
2220,svchost.exe,0.0,34.21875,2025-07-26 21:49:22
2296,chrome.exe,0.0,1467.78515625,2025-07-26 21:49:22
2316,svchost.exe,0.06666666666666667,70.65625,2025-07-26 21:49:22
2324,svchost.exe,0.0,62.5078125,2025-07-26 21:49:22
2428,NVDisplay.Container.exe,0.06666666666666667,110.9765625,2025-07-26 21:49:22
2476,svchost.exe,0.0,43.375,2025-07-26 21:49:22
2540,chrome.exe,1.0166666666666666,1830.9140625,2025-07-26 21:49:22
2556,svchost.exe,0.0,110.859375,2025-07-26 21:49:22
2564,svchost.exe,0.0,55.3359375,2025-07-26 21:49:22
2664,svchost.exe,0.0,37.7578125,2025-07-26 21:49:22
2676,svchost.exe,0.0,39.8203125,2025-07-26 21:49:22
2684,chrome.exe,0.049999999999999996,1161.5078125,2025-07-26 21:49:22
2700,svchost.exe,0.0,48.8203125,2025-07-26 21:49:22
2716,RtkNGUI64.exe,0.0,59.3203125,2025-07-26 21:49:22
2764,CCleaner64.exe,0.0,84.140625,2025-07-26 21:49:22
2792,svchost.exe,0.0,32.7421875,2025-07-26 21:49:22
2804,svchost.exe,0.0,34.125,2025-07-26 21:49:22
2828,svchost.exe,0.0,44.109375,2025-07-26 21:49:22
2864,chrome.exe,0.0,910.765625,2025-07-26 21:49:22
2884,svchost.exe,0.0,37.2890625,2025-07-26 21:49:22
3008,svchost.exe,0.0,43.7109375,2025-07-26 21:49:22
3028,svchost.exe,0.0,17.71875,2025-07-26 21:49:22
3040,MemCompression,0.0,663.48046875,2025-07-26 21:49:22
3148,UserOOBEBroker.exe,0.0,57.5859375,2025-07-26 21:49:22
3224,svchost.exe,0.0,51.5625,2025-07-26 21:49:22
3304,vmcompute.exe,0.0,50.578125,2025-07-26 21:49:22
3436,NVDisplay.Container.exe,0.0,151.921875,2025-07-26 21:49:22
3520,svchost.exe,0.0,57.609375,2025-07-26 21:49:23
3832,Taskmgr.exe,0.43333333333333335,237.3046875,2025-07-26 21:49:23
3924,WmiPrvSE.exe,4.416666666666666,197.6484375,2025-07-26 21:49:23
3956,chrome.exe,0.0,1298.91796875,2025-07-26 21:49:23
4016,svchost.exe,0.0,84.4921875,2025-07-26 21:49:23
4036,conhost.exe,0.0,12.0,2025-07-26 21:49:23
4044,python.exe,0.0,20.3671875,2025-07-26 21:49:23
4236,svchost.exe,0.0,96.15234375,2025-07-26 21:49:23
4320,svchost.exe,0.0,67.9921875,2025-07-26 21:49:23
4448,spoolsv.exe,0.0,71.484375,2025-07-26 21:49:23
4512,svchost.exe,0.0,43.5,2025-07-26 21:49:23
4616,steamwebhelper.exe,0.0,116.203125,2025-07-26 21:49:23
4676,dllhost.exe,0.0,65.9765625,2025-07-26 21:49:23
4756,svchost.exe,0.0,33.1171875,2025-07-26 21:49:23
4772,svchost.exe,0.0,38.203125,2025-07-26 21:49:23
4780,svchost.exe,0.0,161.7421875,2025-07-26 21:49:23
4788,Lavasoft.WCAssistant.WinService.exe,0.0,51.5390625,2025-07-26 21:49:23
4796,svchost.exe,0.0,41.390625,2025-07-26 21:49:23
4812,svchost.exe,0.0,52.546875,2025-07-26 21:49:23
4832,LMIGuardianSvc.exe,0.0,42.796875,2025-07-26 21:49:23
4840,svchost.exe,0.0,113.90625,2025-07-26 21:49:23
4848,nvcontainer.exe,0.0,53.015625,2025-07-26 21:49:23
4856,DCIService.exe,0.0,28.78125,2025-07-26 21:49:23
4864,svchost.exe,0.0,31.171875,2025-07-26 21:49:23
4888,hamachi-2.exe,0.0,97.2421875,2025-07-26 21:49:23
4900,jhi_service.exe,0.0,32.9296875,2025-07-26 21:49:23
4920,sqlwriter.exe,0.0,41.25,2025-07-26 21:49:23
4928,servicehost.exe,0.0,169.640625,2025-07-26 21:49:23
4936,OfficeClickToRun.exe,0.0,99.7734375,2025-07-26 21:49:23
4944,WMIRegistrationService.exe,0.0,70.21875,2025-07-26 21:49:23
4952,svchost.exe,0.0,191.390625,2025-07-26 21:49:23
4960,wslservice.exe,0.0,52.125,2025-07-26 21:49:23
4968,MsMpEng.exe,1.4916666666666667,1285.2421875,2025-07-26 21:49:23
4976,svchost.exe,0.0,35.296875,2025-07-26 21:49:23
4984,svchost.exe,0.0,44.5078125,2025-07-26 21:49:23
4992,WindscribeService.exe,0.0,62.5078125,2025-07-26 21:49:23
5004,TeamViewer_Service.exe,0.0,33.3046875,2025-07-26 21:49:23
5012,CCleanerPerformanceOptimizerService.exe,0.0,36.5859375,2025-07-26 21:49:23
5032,MemuService.exe,0.0,31.125,2025-07-26 21:49:23
5064,chrome.exe,0.06666666666666667,2704.828125,2025-07-26 21:49:23
5080,svchost.exe,0.0,94.7109375,2025-07-26 21:49:23
5304,chrome.exe,0.0,50.484375,2025-07-26 21:49:23
5388,svchost.exe,0.0,38.3203125,2025-07-26 21:49:23
5412,svchost.exe,0.0,49.1015625,2025-07-26 21:49:23
5436,MpDefenderCoreService.exe,0.0,103.265625,2025-07-26 21:49:23
5488,CalculatorApp.exe,0.0,68.15625,2025-07-26 21:49:23
5604,sqlceip.exe,0.0,133.828125,2025-07-26 21:49:23
5616,sqlservr.exe,0.05833333333333333,387.5390625,2025-07-26 21:49:23
5624,sqlservr.exe,4.458333333333334,327.86328125,2025-07-26 21:49:23
5648,sqlceip.exe,0.0,114.9453125,2025-07-26 21:49:23
5660,chrome.exe,0.0,103.1953125,2025-07-26 21:49:23
5804,svchost.exe,0.0,19.6875,2025-07-26 21:49:23
5960,dasHost.exe,0.0,50.8359375,2025-07-26 21:49:23
6076,svchost.exe,0.0,24.5390625,2025-07-26 21:49:23
6100,svchost.exe,0.0,39.140625,2025-07-26 21:49:23
6124,chrome.exe,0.06666666666666667,1686.25390625,2025-07-26 21:49:23
6212,IriunWebcam.exe,0.0,125.5546875,2025-07-26 21:49:23
6516,svchost.exe,0.0,64.1015625,2025-07-26 21:49:23
6608,pgAdmin4.exe,0.0,283.1640625,2025-07-26 21:49:23
6776,chrome.exe,0.0,1108.328125,2025-07-26 21:49:23
6820,chrome.exe,0.0,946.8984375,2025-07-26 21:49:23
6876,SearchIndexer.exe,0.0,210.625,2025-07-26 21:49:23
7056,ctfmon.exe,0.0,94.640625,2025-07-26 21:49:23
7424,Video.UI.exe,0.0,64.921875,2025-07-26 21:49:23
7468,SecurityHealthService.exe,0.0,47.0859375,2025-07-26 21:49:23
7648,RuntimeBroker.exe,0.0,102.28125,2025-07-26 21:49:23
7720,svchost.exe,0.0,63.43359375,2025-07-26 21:49:23
7848,svchost.exe,0.0,26.1328125,2025-07-26 21:49:23
7868,svchost.exe,0.0,46.4296875,2025-07-26 21:49:23
8012,dasHost.exe,0.0,24.3515625,2025-07-26 21:49:23
8196,pgAdmin4.exe,0.0,72.046875,2025-07-26 21:49:23
8312,postgres.exe,0.0,39.0,2025-07-26 21:49:23
8504,FileCoAuth.exe,0.0,101.1796875,2025-07-26 21:49:23
8640,svchost.exe,0.0,28.171875,2025-07-26 21:49:23
8772,chrome.exe,0.06666666666666667,3418.87109375,2025-07-26 21:49:23
8812,postgres.exe,0.0,27.1875,2025-07-26 21:49:23
9000,AggregatorHost.exe,0.0,54.65625,2025-07-26 21:49:23
9020,chrome.exe,0.0,920.00390625,2025-07-26 21:49:23
9060,svchost.exe,0.0,38.765625,2025-07-26 21:49:23
9172,NisSrv.exe,0.0,85.6171875,2025-07-26 21:49:23
9344,uihost.exe,0.0,129.50390625,2025-07-26 21:49:23
9536,nvcontainer.exe,0.05833333333333333,216.9609375,2025-07-26 21:49:23
9572,sihost.exe,0.0,115.546875,2025-07-26 21:49:23
9620,svchost.exe,0.0,145.12109375,2025-07-26 21:49:23
9660,svchost.exe,0.0,179.25390625,2025-07-26 21:49:23
9720,SecurityHealthSystray.exe,0.0,27.1640625,2025-07-26 21:49:23
9752,dllhost.exe,0.0,28.1484375,2025-07-26 21:49:23
9808,postgres.exe,0.0,30.140625,2025-07-26 21:49:23
9820,postgres.exe,0.0,43.5703125,2025-07-26 21:49:23
9844,svchost.exe,0.0,90.4765625,2025-07-26 21:49:23
9856,pg_ctl.exe,0.0,11.34375,2025-07-26 21:49:23
9972,svchost.exe,0.0,39.140625,2025-07-26 21:49:23
10096,chrome.exe,0.0,1214.98828125,2025-07-26 21:49:23
10112,explorer.exe,0.06666666666666667,711.95703125,2025-07-26 21:49:23
10144,taskhostw.exe,0.0,99.3515625,2025-07-26 21:49:23
10160,pycharm64.exe,1.225,10627.171875,2025-07-26 21:49:23
10272,steamwebhelper.exe,0.0,25.8515625,2025-07-26 21:49:23
10320,Discord.exe,0.0,26.7421875,2025-07-26 21:49:23
10360,svchost.exe,0.0,72.9140625,2025-07-26 21:49:23
10372,SearchApp.exe,0.0,173.203125,2025-07-26 21:49:23
10576,svchost.exe,0.0,29.53125,2025-07-26 21:49:23
10640,chrome.exe,0.0,434.171875,2025-07-26 21:49:23
10644,chrome.exe,0.0,1699.00390625,2025-07-26 21:49:23
10672,chrome.exe,0.0,766.421875,2025-07-26 21:49:23
10692,svchost.exe,0.0,34.3828125,2025-07-26 21:49:23
10704,chrome.exe,0.0,1165.73828125,2025-07-26 21:49:23
10716,steamwebhelper.exe,0.0,159.2578125,2025-07-26 21:49:23
10788,svchost.exe,0.0,82.703125,2025-07-26 21:49:23
10792,msedgewebview2.exe,0.0,323.34375,2025-07-26 21:49:23
11048,svchost.exe,0.0,45.9140625,2025-07-26 21:49:23
11056,svchost.exe,0.0,67.16015625,2025-07-26 21:49:23
11096,dllhost.exe,0.0,48.703125,2025-07-26 21:49:23
11348,RuntimeBroker.exe,0.0,32.671875,2025-07-26 21:49:23
11384,chrome.exe,0.0,1606.62109375,2025-07-26 21:49:23
11492,NVIDIA Web Helper.exe,0.0,23.0625,2025-07-26 21:49:23
11500,conhost.exe,0.0,5.6015625,2025-07-26 21:49:23
11624,svchost.exe,0.0,114.5859375,2025-07-26 21:49:23
11812,SteamService.exe,0.0,30.234375,2025-07-26 21:49:23
11912,StartMenuExperienceHost.exe,0.0,218.109375,2025-07-26 21:49:23
12008,Discord.exe,1.1416666666666666,335.8828125,2025-07-26 21:49:23
12056,svchost.exe,0.0,45.1171875,2025-07-26 21:49:23
12064,msedge.exe,0.0,42.5625,2025-07-26 21:49:23
12164,chrome.exe,0.05833333333333333,459.3046875,2025-07-26 21:49:23
12168,RuntimeBroker.exe,0.0,72.84375,2025-07-26 21:49:23
12204,svchost.exe,0.0,82.4765625,2025-07-26 21:49:23
12312,SearchApp.exe,0.0,164.765625,2025-07-26 21:49:23
12348,msedgewebview2.exe,0.0,26.9296875,2025-07-26 21:49:23
12436,chrome.exe,0.06666666666666667,1596.140625,2025-07-26 21:49:23
12600,RuntimeBroker.exe,0.0,135.75390625,2025-07-26 21:49:23
12612,browserhost.exe,0.0,69.8203125,2025-07-26 21:49:23
12684,chrome.exe,0.0,292.30078125,2025-07-26 21:49:23
13012,chrome.exe,0.06666666666666667,473.16796875,2025-07-26 21:49:23
13184,LockApp.exe,0.0,30.28125,2025-07-26 21:49:23
13392,PresentationFontCache.exe,0.0,17.8828125,2025-07-26 21:49:23
13416,ShellExperienceHost.exe,0.0,56.15625,2025-07-26 21:49:23
13524,DiscordPTB.exe,0.06666666666666667,350.0,2025-07-26 21:49:23
13568,svchost.exe,0.0,67.828125,2025-07-26 21:49:23
13736,postgres.exe,0.0,32.578125,2025-07-26 21:49:23
13984,steam.exe,0.125,194.71875,2025-07-26 21:49:23
14012,postgres.exe,0.0,6.890625,2025-07-26 21:49:23
14136,powershell.exe,0.0,78.515625,2025-07-26 21:49:23
14236,conhost.exe,0.0,20.109375,2025-07-26 21:49:23
14288,Discord.exe,0.0,309.375,2025-07-26 21:49:23
14332,msedge.exe,0.0,135.3984375,2025-07-26 21:49:23
14512,WinRAR.exe,0.0,189.703125,2025-07-26 21:49:23
14520,chrome.exe,0.0,2261.63671875,2025-07-26 21:49:23
14528,postgres.exe,0.0,32.4375,2025-07-26 21:49:23
14680,msedge.exe,0.0,170.8125,2025-07-26 21:49:23
14700,chrome.exe,0.0,932.03125,2025-07-26 21:49:23
14828,OneDrive.exe,0.0,315.34375,2025-07-26 21:49:23
14852,chrome.exe,0.0,1099.30078125,2025-07-26 21:49:23
14860,postgres.exe,0.0,23.2265625,2025-07-26 21:49:23
14924,chrome.exe,0.0,881.6171875,2025-07-26 21:49:23
15356,TextInputHost.exe,0.0,86.53125,2025-07-26 21:49:23
15496,steamwebhelper.exe,0.0,83.15625,2025-07-26 21:49:23
15688,DiscordPTB.exe,0.0,307.78125,2025-07-26 21:49:23
15720,DiscordPTB.exe,0.0,157.91015625,2025-07-26 21:49:23
16016,msedgewebview2.exe,0.0,106.4765625,2025-07-26 21:49:23
16096,chrome.exe,0.5083333333333333,2162.71875,2025-07-26 21:49:23
16108,CompPkgSrv.exe,0.0,16.8515625,2025-07-26 21:49:23
16440,Copilot.exe,0.0,98.625,2025-07-26 21:49:23
16708,steamwebhelper.exe,0.0,60.09375,2025-07-26 21:49:23
16952,steamwebhelper.exe,0.0,204.9375,2025-07-26 21:49:23
17212,FileWatcher.exe,0.0,49.1484375,2025-07-26 21:49:23
17400,browser_assistant.exe,0.0,38.1328125,2025-07-26 21:49:23
17532,postgres.exe,0.0,23.6015625,2025-07-26 21:49:23
17564,DiscordPTB.exe,0.2,1616.45703125,2025-07-26 21:49:23
17572,hamachi-2-ui.exe,0.0,61.78125,2025-07-26 21:49:23
17616,RuntimeBroker.exe,0.0,20.9765625,2025-07-26 21:49:23
17644,chrome.exe,0.0,26.9765625,2025-07-26 21:49:23
17648,chrome.exe,0.0,201.640625,2025-07-26 21:49:23
17740,chrome.exe,0.0,893.171875,2025-07-26 21:49:23
17900,msedgewebview2.exe,0.0,53.5546875,2025-07-26 21:49:23
17904,chrome.exe,0.0,163.9375,2025-07-26 21:49:23
17936,Discord.exe,6.166666666666667,2178.83203125,2025-07-26 21:49:23
18140,fsnotifier.exe,0.0,5.6015625,2025-07-26 21:49:23
18244,adb.exe,0.0,34.48828125,2025-07-26 21:49:23
18444,chrome.exe,0.0,872.15625,2025-07-26 21:49:23
18500,msedgewebview2.exe,0.0,163.2890625,2025-07-26 21:49:23
18560,cmd.exe,0.0,22.8984375,2025-07-26 21:49:23
18736,conhost.exe,0.0,14.953125,2025-07-26 21:49:23
18760,svchost.exe,0.0,109.0078125,2025-07-26 21:49:23
18980,chrome.exe,0.0,1146.71484375,2025-07-26 21:49:23
19052,browser_assistant.exe,0.0,87.609375,2025-07-26 21:49:23
19072,chrome.exe,0.5083333333333333,4202.3828125,2025-07-26 21:49:23
19100,unsecapp.exe,0.0,10.8515625,2025-07-26 21:49:23
19184,Discord.exe,0.0,70.0546875,2025-07-26 21:49:23
19280,python.exe,0.125,294.3828125,2025-07-26 21:49:23
19348,chrome.exe,0.0,75.703125,2025-07-26 21:49:23
19492,chrome.exe,0.0,1123.55078125,2025-07-26 21:49:23
19600,steamwebhelper.exe,0.06666666666666667,331.40625,2025-07-26 21:49:23
19676,svchost.exe,0.0,46.3828125,2025-07-26 21:49:23
19736,DiscordPTB.exe,0.0,64.8046875,2025-07-26 21:49:23
19760,msedge.exe,0.0,492.9609375,2025-07-26 21:49:23
19792,chrome.exe,0.0,1658.62890625,2025-07-26 21:49:23
19912,chrome.exe,0.0,895.0625,2025-07-26 21:49:23
20200,conhost.exe,0.0,17.3671875,2025-07-26 21:49:23
20276,chrome.exe,0.0,92.203125,2025-07-26 21:49:23
20356,msedgewebview2.exe,0.0,241.546875,2025-07-26 21:49:23
20500,SearchProtocolHost.exe,0.0,50.0859375,2025-07-26 21:49:23
20648,svchost.exe,0.0,37.9921875,2025-07-26 21:49:23
20708,explorer.exe,0.0,166.82421875,2025-07-26 21:49:23
20768,chrome.exe,0.06666666666666667,326.26171875,2025-07-26 21:49:23
20804,chrome.exe,0.06666666666666667,1046.38671875,2025-07-26 21:49:23
21036,audiodg.exe,0.45,83.53125,2025-07-26 21:49:23
21048,conhost.exe,0.0,45.796875,2025-07-26 21:49:23
21372,chrome.exe,0.0,1289.87109375,2025-07-26 21:49:23
21496,SystemSettings.exe,0.0,57.1171875,2025-07-26 21:49:23
21776,ApplicationFrameHost.exe,0.0,26.9765625,2025-07-26 21:49:23
21796,svchost.exe,0.0,104.3671875,2025-07-26 21:49:23
21828,chrome.exe,0.0,252.8828125,2025-07-26 21:49:23
22064,RuntimeBroker.exe,0.0,10.9453125,2025-07-26 21:49:23
22148,chrome.exe,0.0,1688.5078125,2025-07-26 21:49:23
22212,chrome.exe,0.0,920.40625,2025-07-26 21:49:23
22412,svchost.exe,0.0,45.2109375,2025-07-26 21:49:23
22576,chrome.exe,0.19166666666666665,312.41015625,2025-07-26 21:49:23
22692,msedgewebview2.exe,0.0,78.84375,2025-07-26 21:49:23
22796,pgAdmin4.exe,0.0,141.35546875,2025-07-26 21:49:23
22880,postgres.exe,0.0,83.9296875,2025-07-26 21:49:23
23260,WindowsPackageManagerServer.exe,0.0,120.6328125,2025-07-26 21:49:23
23284,pgAdmin4.exe,0.0,132.6328125,2025-07-26 21:49:23
25256,Microsoft.SharePoint.exe,0.0,18.34375,2025-07-26 21:49:23
25368,python.exe,25.250000000000004,113.1953125,2025-07-26 21:49:23
25592,msedge.exe,0.0,102.421875,2025-07-26 21:49:23
25648,SearchFilterHost.exe,0.0,44.6953125,2025-07-26 21:49:23
26024,msedge.exe,0.0,169.90625,2025-07-26 21:49:23
26640,chrome.exe,0.0,102.65625,2025-07-26 21:49:23
26892,conhost.exe,0.0,68.3671875,2025-07-26 21:49:23
22844,chrome.exe,0.0,239.453125,2025-07-26 21:49:23
12132,chrome.exe,0.0,63.47265625,2025-07-26 21:49:23
